"Date","Price","Open","High","Low","Vol.","Change %"
"03/27/2024","2.5986","2.6109","2.6172","2.5884","20.97K","-0.88%"
"03/26/2024","2.6218","2.6845","2.6870","2.6097","24.09K","-2.12%"
"03/25/2024","2.6786","2.6644","2.7062","2.6533","29.06K","0.95%"
"03/22/2024","2.6534","2.6630","2.6904","2.6471","27.59K","-0.58%"
"03/21/2024","2.6688","2.6932","2.7026","2.6360","24.85K","-1.00%"
"03/20/2024","2.6957","2.7540","2.7588","2.6714","34.08K","-2.35%"
"03/19/2024","2.7607","2.7735","2.7812","2.7499","24.39K","-0.99%"
"03/18/2024","2.7882","2.7267","2.7963","2.7242","48.34K","2.24%"
"03/15/2024","2.7270","2.7047","2.7372","2.6767","49.82K","0.67%"
"03/14/2024","2.7088","2.6949","2.7260","2.6875","46.08K","0.88%"
"03/13/2024","2.6851","2.6291","2.7038","2.6226","59.32K","2.62%"
"03/12/2024","2.6165","2.6535","2.6769","2.6081","58.21K","-1.33%"
"03/11/2024","2.6518","2.6300","2.6643","2.5883","56.86K","0.41%"
"03/08/2024","2.6409","2.6981","2.7244","2.6209","50.37K","-2.00%"
"03/07/2024","2.6947","2.6595","2.7125","2.6416","59.38K","1.18%"
"03/06/2024","2.6633","2.6004","2.6810","2.5912","52.04K","2.18%"
"03/05/2024","2.6065","2.6495","2.6663","2.5988","43.59K","-1.54%"
"03/04/2024","2.6472","2.7129","2.7129","2.6354","53.20K","-2.11%"
"03/01/2024","2.7042","2.6523","2.7240","2.6417","53.35K","0.76%"
"02/29/2024","2.6838","2.6408","2.7050","2.6150","4.80K","0.96%"
"02/28/2024","2.6583","2.7386","2.7521","2.6414","20.37K","-3.19%"
"02/27/2024","2.7460","2.7717","2.7860","2.7339","19.69K","-0.60%"
"02/26/2024","2.7627","2.6891","2.7740","2.6650","28.08K","2.71%"
"02/23/2024","2.6897","2.7472","2.7501","2.6700","33.43K","-2.26%"
"02/22/2024","2.7520","2.7168","2.7566","2.6654","31.91K","1.73%"
"02/21/2024","2.7052","2.7410","2.7417","2.6819","35.72K","-0.96%"
"02/20/2024","2.7315","2.8066","2.8224","2.7274","44.53K","-2.96%"
"02/19/2024","2.8148","2.7946","2.8221","2.7601","","0.29%"
"02/16/2024","2.8066","2.8181","2.8233","2.7520","56.44K","-0.61%"
"02/15/2024","2.8237","2.8014","2.8623","2.7708","62.62K","0.48%"
"02/14/2024","2.8101","2.8965","2.9108","2.8000","79.30K","-2.96%"
"02/13/2024","2.8959","2.9375","2.9650","2.8845","60.95K","-0.81%"
"02/12/2024","2.9196","2.9493","2.9502","2.8959","65.65K","-1.50%"
"02/09/2024","2.9642","2.8949","2.9735","2.8758","79.91K","2.54%"
"02/08/2024","2.8908","2.8221","2.8979","2.8064","69.81K","2.69%"
"02/07/2024","2.8152","2.7586","2.8270","2.7479","72.67K","2.64%"
"02/06/2024","2.7427","2.7301","2.7636","2.7111","51.93K","0.66%"
"02/05/2024","2.7248","2.6790","2.7318","2.6611","55.94K","2.44%"
"02/02/2024","2.6600","2.7242","2.7378","2.6351","70.70K","-1.95%"
"02/01/2024","2.7129","2.7944","2.8183","2.6846","91.06K","-3.39%"
"01/31/2024","2.8082","2.7927","2.8418","2.7833","3.91K","0.05%"
"01/30/2024","2.8068","2.8375","2.8489","2.7629","14.86K","-0.96%"
"01/29/2024","2.8339","2.8799","2.8923","2.8071","19.55K","-0.33%"
"01/26/2024","2.8434","2.7908","2.8716","2.7403","27.46K","1.72%"
"01/25/2024","2.7954","2.6910","2.8000","2.6878","26.86K","4.24%"
"01/24/2024","2.6818","2.6948","2.7149","2.6608","26.68K","-0.35%"
"01/23/2024","2.6913","2.6960","2.7150","2.6480","22.71K","-0.08%"
"01/22/2024","2.6935","2.6733","2.7129","2.6369","29.87K","1.18%"
"01/19/2024","2.6621","2.6940","2.7249","2.6578","38.35K","-1.17%"
"01/18/2024","2.6936","2.6489","2.6984","2.6317","35.80K","1.51%"
"01/17/2024","2.6536","2.6588","2.6588","2.6083","48.35K","-0.26%"
"01/16/2024","2.6606","2.6848","2.7362","2.6154","88.07K","0.01%"
"01/15/2024","2.6603","2.6613","2.6756","2.6155","","-0.03%"
"01/14/2024","2.6612","2.6592","2.6614","2.6532","","-0.30%"
"01/12/2024","2.6693","2.6942","2.7863","2.6663","69.19K","-0.17%"
"01/11/2024","2.6738","2.6034","2.6970","2.5978","62.11K","2.81%"
"01/10/2024","2.6006","2.6483","2.7021","2.5920","68.64K","-1.88%"
"01/09/2024","2.6504","2.5819","2.6754","2.5798","68.78K","2.85%"
"01/08/2024","2.5769","2.6212","2.6300","2.5282","61.80K","-1.21%"
"01/05/2024","2.6085","2.5907","2.6232","2.5841","47.23K","0.78%"
"01/04/2024","2.5884","2.6063","2.6287","2.5554","50.75K","-0.61%"
"01/03/2024","2.6044","2.5300","2.6232","2.5075","49.21K","3.11%"
"01/02/2024","2.5258","2.5533","2.5956","2.5108","55.84K","-1.41%"
"01/01/2024","2.5620","2.5720","2.5732","2.5591","","0.35%"
"12/29/2023","2.5531","2.5600","2.5967","2.5319","4.96K","-0.13%"
"12/28/2023","2.5563","2.6196","2.6344","2.5516","14.82K","-2.58%"
"12/27/2023","2.6239","2.6617","2.6914","2.6197","16.58K","-1.68%"
"12/26/2023","2.6688","2.6520","2.7317","2.6473","19.57K","1.41%"
"12/25/2023","2.6317","2.6242","2.6330","2.6242","","-1.11%"
"12/22/2023","2.6612","2.7009","2.7305","2.6525","24.41K","-1.32%"
"12/21/2023","2.6968","2.6935","2.7150","2.6600","19.17K","-0.43%"
"12/20/2023","2.7085","2.7291","2.7685","2.6947","27.59K","-0.31%"
"12/19/2023","2.7168","2.6820","2.7321","2.6512","28.84K","1.65%"
"12/18/2023","2.6728","2.6298","2.7329","2.6036","38.98K","1.98%"
"12/15/2023","2.6208","2.5974","2.6563","2.5819","56.27K","1.14%"
"12/14/2023","2.5913","2.5568","2.6115","2.5559","42.48K","1.70%"
"12/13/2023","2.5481","2.5186","2.5665","2.4838","47.47K","1.62%"
"12/12/2023","2.5074","2.6069","2.6281","2.5000","54.72K","-3.88%"
"12/11/2023","2.6087","2.5800","2.6224","2.5618","52.88K","1.07%"
"12/08/2023","2.5810","2.5668","2.6181","2.5553","52.41K","1.25%"
"12/07/2023","2.5492","2.5810","2.6200","2.5468","53.62K","-1.05%"
"12/06/2023","2.5762","2.6303","2.6543","2.5611","50.26K","-2.46%"
"12/05/2023","2.6411","2.6668","2.7070","2.6279","49.71K","-0.70%"
"12/04/2023","2.6597","2.6684","2.7053","2.6337","49.08K","-0.07%"
"12/01/2023","2.6615","2.7430","2.7617","2.6597","62.37K","-5.97%"
"11/30/2023","2.8305","2.8780","2.9273","2.7961","4.89K","-2.01%"
"11/29/2023","2.8885","2.8823","2.9127","2.8117","25.17K","-0.64%"
"11/28/2023","2.9070","2.8399","2.9230","2.8300","20.53K","2.43%"
"11/27/2023","2.8379","2.8230","2.8778","2.7973","27.02K","0.08%"
"11/24/2023","2.8357","2.8781","2.9059","2.8183","16.20K","-1.09%"
"11/23/2023","2.8670","2.8708","2.9023","2.8445","","-0.76%"
"11/22/2023","2.8891","2.9326","2.9360","2.8129","33.07K","-1.22%"
"11/21/2023","2.9249","2.8502","2.9389","2.8223","38.46K","2.65%"
"11/20/2023","2.8495","2.7641","2.8622","2.7469","27.45K","5.00%"
"11/17/2023","2.7139","2.6703","2.7430","2.6460","65.05K","1.56%"
"11/16/2023","2.6722","2.7901","2.8023","2.6599","52.90K","-4.26%"
"11/15/2023","2.7911","2.7745","2.8029","2.7450","60.31K","-1.62%"
"11/14/2023","2.8371","2.8428","2.8840","2.8089","51.12K","-0.08%"
"11/13/2023","2.8393","2.7401","2.8448","2.7134","50.38K","3.51%"
"11/10/2023","2.7431","2.7178","2.7900","2.6980","49.87K","0.88%"
"11/09/2023","2.7191","2.7567","2.7628","2.6960","56.57K","-1.09%"
"11/08/2023","2.7492","2.8191","2.8365","2.7425","59.14K","-3.14%"
"11/07/2023","2.8384","2.9590","2.9608","2.8162","55.09K","-3.86%"
"11/06/2023","2.9524","2.9209","2.9728","2.9121","45.86K","0.98%"
"11/03/2023","2.9238","3.0188","3.0476","2.9044","62.39K","-3.36%"
"11/02/2023","3.0255","2.9678","3.0400","2.9553","57.34K","2.16%"
"11/01/2023","2.9615","2.9281","3.0003","2.9099","60.84K","-0.99%"
"10/31/2023","2.9910","2.9811","3.0310","2.9811","3.85K","0.83%"
"10/30/2023","2.9663","3.0369","3.0460","2.9420","16.20K","-2.80%"
"10/27/2023","3.0519","3.0500","3.0900","2.9800","17.84K","0.26%"
"10/26/2023","3.0439","3.0200","3.0546","2.9697","19.61K","0.44%"
"10/25/2023","3.0305","3.0433","3.0469","2.9501","22.87K","-0.47%"
"10/24/2023","3.0449","3.1054","3.1099","3.0010","29.23K","-1.63%"
"10/23/2023","3.0955","3.1566","3.1789","3.0776","28.65K","-1.94%"
"10/20/2023","3.1566","3.1830","3.2220","3.1508","27.22K","-0.52%"
"10/19/2023","3.1730","3.1365","3.1860","3.0793","39.96K","1.07%"
"10/18/2023","3.1393","3.1789","3.2120","3.1150","54.46K","-1.18%"
"10/17/2023","3.1767","3.1583","3.1808","3.0956","48.69K","0.87%"
"10/16/2023","3.1492","3.2151","3.2515","3.1415","50.15K","-1.95%"
"10/13/2023","3.2117","3.0489","3.2172","3.0400","59.15K","5.48%"
"10/12/2023","3.0449","3.0041","3.0559","2.9895","51.02K","1.55%"
"10/11/2023","2.9985","3.0207","3.0555","2.9335","49.68K","-0.72%"
"10/10/2023","3.0201","2.9800","3.0373","2.9485","55.02K","1.80%"
"10/09/2023","2.9666","2.9498","3.0258","2.9236","44.91K","2.27%"
"10/06/2023","2.9008","2.8829","2.9622","2.8336","66.51K","1.12%"
"10/05/2023","2.8687","3.0244","3.0306","2.8617","74.94K","-4.94%"
"10/04/2023","3.0178","3.1912","3.1975","3.0023","66.25K","-5.56%"
"10/03/2023","3.1954","3.2204","3.2276","3.1276","60.61K","-0.84%"
"10/02/2023","3.2225","3.2897","3.3464","3.2027","56.91K","-4.16%"
"09/29/2023","3.3622","3.3451","3.4066","3.3328","2.43K","1.33%"
"09/28/2023","3.3180","3.3102","3.3655","3.2970","19.26K","0.10%"
"09/27/2023","3.3147","3.2501","3.3356","3.2187","16.70K","2.82%"
"09/26/2023","3.2238","3.2644","3.2712","3.1860","23.79K","-1.18%"
"09/25/2023","3.2622","3.3366","3.3482","3.2491","24.82K","-1.33%"
"09/22/2023","3.3062","3.3682","3.4294","3.3045","30.75K","-1.83%"
"09/21/2023","3.3680","3.3159","3.4781","3.3000","37.99K","1.24%"
"09/20/2023","3.3268","3.3989","3.4180","3.2920","37.16K","-1.40%"
"09/19/2023","3.3739","3.2976","3.4127","3.2750","41.93K","2.60%"
"09/18/2023","3.2883","3.3966","3.4116","3.2699","42.76K","-2.81%"
"09/15/2023","3.3834","3.4749","3.4937","3.3734","55.40K","-2.82%"
"09/14/2023","3.4815","3.4349","3.5092","3.3967","55.40K","1.34%"
"09/13/2023","3.4354","3.3243","3.4426","3.3205","66.22K","3.22%"
"09/12/2023","3.3283","3.3543","3.3927","3.3097","53.14K","-1.01%"
"09/11/2023","3.3622","3.2994","3.4027","3.2667","62.63K","1.91%"
"09/08/2023","3.2991","3.2213","3.3270","3.2081","62.42K","2.70%"
"09/07/2023","3.2123","3.1940","3.2290","3.1527","47.35K","0.61%"
"09/06/2023","3.1927","3.2234","3.2296","3.1309","50.25K","-0.84%"
"09/05/2023","3.2196","3.1215","3.2520","3.0911","73.77K","2.64%"
"09/04/2023","3.1368","3.1143","3.1444","3.0911","","0.70%"
"09/03/2023","3.1151","3.1162","3.1196","3.1138","","0.33%"
"09/01/2023","3.1050","3.1165","3.1709","3.0980","65.92K","-1.20%"
"08/31/2023","3.1426","3.1010","3.1569","3.0638","4.40K","1.50%"
"08/30/2023","3.0962","3.2037","3.2149","3.0925","19.63K","-3.53%"
"08/29/2023","3.2095","3.1866","3.2265","3.1482","14.51K","0.18%"
"08/28/2023","3.2037","3.3110","3.3200","3.1829","21.17K","-3.14%"
"08/25/2023","3.3075","3.1533","3.3355","3.1471","31.60K","4.79%"
"08/24/2023","3.1564","3.1148","3.1586","3.0995","20.73K","0.87%"
"08/23/2023","3.1291","3.1422","3.1690","3.0981","23.73K","-0.31%"
"08/22/2023","3.1388","3.1279","3.1570","3.0936","22.17K","0.73%"
"08/21/2023","3.1162","3.1713","3.1963","3.1100","33.80K","-1.38%"
"08/18/2023","3.1597","3.0908","3.1769","3.0831","44.41K","2.13%"
"08/17/2023","3.0938","3.0250","3.1164","3.0060","35.21K","2.41%"
"08/16/2023","3.0209","3.0331","3.0575","3.0075","43.21K","-0.23%"
"08/15/2023","3.0280","3.0795","3.0921","3.0088","39.32K","-1.95%"
"08/14/2023","3.0883","3.1152","3.1344","3.0572","41.67K","-1.06%"
"08/11/2023","3.1215","3.1502","3.1949","3.1115","50.48K","-1.01%"
"08/10/2023","3.1533","3.2107","3.2310","3.1233","46.45K","-1.67%"
"08/09/2023","3.2070","3.0860","3.2172","3.0791","60.55K","3.93%"
"08/08/2023","3.0856","3.0329","3.0917","2.9374","56.01K","2.32%"
"08/07/2023","3.0155","3.0699","3.0828","3.0122","41.54K","-1.53%"
"08/04/2023","3.0622","3.0852","3.0954","3.0390","47.85K","-0.41%"
"08/03/2023","3.0749","3.0150","3.0927","2.9633","60.04K","2.35%"
"08/02/2023","3.0043","3.0648","3.0874","2.9678","64.18K","-0.63%"
"08/01/2023","3.0234","2.9964","3.0725","2.9813","75.58K","1.09%"
"07/31/2023","2.9909","2.9558","3.0041","2.9319","3.14K","1.09%"
"07/28/2023","2.9586","2.9006","2.9748","2.8862","16.84K","1.43%"
"07/27/2023","2.9169","2.8418","2.9233","2.8403","17.08K","2.60%"
"07/26/2023","2.8429","2.7700","2.8485","2.7593","18.10K","2.35%"
"07/25/2023","2.7776","2.7745","2.7913","2.7316","20.82K","0.26%"
"07/24/2023","2.7705","2.7458","2.8369","2.7220","28.89K","0.90%"
"07/21/2023","2.7457","2.6740","2.7507","2.6694","22.41K","3.05%"
"07/20/2023","2.6644","2.6434","2.6736","2.6184","29.65K","0.86%"
"07/19/2023","2.6418","2.6145","2.6774","2.5990","33.04K","1.63%"
"07/18/2023","2.5994","2.5684","2.6122","2.5588","26.67K","1.37%"
"07/17/2023","2.5642","2.5825","2.6227","2.5488","34.43K","-1.30%"
"07/14/2023","2.5979","2.6181","2.6349","2.5706","51.57K","-0.48%"
"07/13/2023","2.6104","2.6059","2.6332","2.5787","52.40K","0.42%"
"07/12/2023","2.5996","2.5769","2.6250","2.5714","52.99K","0.62%"
"07/11/2023","2.5837","2.5589","2.5962","2.5455","39.77K","1.19%"
"07/10/2023","2.5532","2.5623","2.5830","2.5291","41.62K","-0.23%"
"07/07/2023","2.5591","2.4864","2.5628","2.4807","49.17K","3.21%"
"07/06/2023","2.4794","2.4980","2.5009","2.4323","46.64K","-0.56%"
"07/05/2023","2.4933","2.3922","2.5053","2.3850","66.64K","2.42%"
"07/04/2023","2.4345","2.3896","2.4479","2.3852","","2.41%"
"07/03/2023","2.3773","2.4366","2.4682","2.3750","47.63K","-2.90%"
"06/30/2023","2.4482","2.4250","2.4648","2.4020","2.09K","1.35%"
"06/29/2023","2.4156","2.4046","2.4518","2.3887","10.10K","0.37%"
"06/28/2023","2.4067","2.4176","2.4362","2.3708","16.02K","0.32%"
"06/27/2023","2.3990","2.4526","2.4800","2.3899","21.23K","-1.63%"
"06/26/2023","2.4388","2.4260","2.4651","2.4096","27.50K","1.32%"
"06/23/2023","2.4071","2.4697","2.4705","2.3816","27.90K","-2.37%"
"06/22/2023","2.4655","2.5587","2.5760","2.4470","34.59K","-3.85%"
"06/21/2023","2.5642","2.4639","2.5684","2.4530","43.20K","3.59%"
"06/20/2023","2.4754","2.5514","2.5539","2.4417","49.20K","-1.35%"
"06/19/2023","2.5094","2.5446","2.5450","2.4980","","-1.39%"
"06/18/2023","2.5447","2.5530","2.5530","2.5429","","-0.26%"
"06/16/2023","2.5514","2.4825","2.5562","2.4735","54.97K","2.90%"
"06/15/2023","2.4796","2.3646","2.4900","2.3445","48.21K","5.17%"
"06/14/2023","2.3577","2.3930","2.4323","2.3514","54.13K","-1.58%"
"06/13/2023","2.3955","2.3147","2.4088","2.3118","48.30K","3.74%"
"06/12/2023","2.3091","2.3607","2.3607","2.2970","49.80K","-2.20%"
"06/09/2023","2.3610","2.3828","2.4030","2.3593","39.42K","-1.21%"
"06/08/2023","2.3898","2.4042","2.4263","2.3174","55.62K","-0.50%"
"06/07/2023","2.4018","2.3600","2.4137","2.3420","56.31K","1.44%"
"06/06/2023","2.3678","2.3745","2.3828","2.3279","37.28K","-0.41%"
"06/05/2023","2.3775","2.4100","2.4286","2.3648","43.93K","0.87%"
"06/02/2023","2.3569","2.3174","2.3797","2.3115","52.56K","1.82%"
"06/01/2023","2.3147","2.2400","2.3358","2.2352","53.59K","2.44%"
"05/31/2023","2.2596","2.2652","2.2879","2.2367","2.89K","-0.93%"
"05/30/2023","2.2808","2.3838","2.3874","2.2750","19.23K","-3.73%"
"05/29/2023","2.3692","2.3635","2.3635","2.3385","0.38K","0.00%"
"05/26/2023","2.3693","2.3413","2.3913","2.3312","20.73K","0.98%"
"05/25/2023","2.3462","2.4090","2.4131","2.3183","16.62K","-2.80%"
"05/24/2023","2.4137","2.3774","2.4200","2.3750","22.69K","2.20%"
"05/23/2023","2.3617","2.3703","2.4054","2.3567","21.53K","-0.20%"
"05/22/2023","2.3664","2.3669","2.3814","2.3317","20.45K","0.18%"
"05/19/2023","2.3622","2.4094","2.4481","2.3550","36.21K","-1.68%"
"05/18/2023","2.4026","2.4227","2.4251","2.3768","29.80K","-0.83%"
"05/17/2023","2.4226","2.3603","2.4311","2.3428","37.64K","2.48%"
"05/16/2023","2.3639","2.3802","2.3965","2.3436","39.51K","-0.59%"
"05/15/2023","2.3780","2.3050","2.3865","2.2812","48.22K","3.14%"
"05/12/2023","2.3055","2.3588","2.3617","2.3010","38.42K","-1.87%"
"05/11/2023","2.3495","2.3935","2.4233","2.3440","40.24K","-1.83%"
"05/10/2023","2.3934","2.3948","2.4080","2.3644","48.94K","0.13%"
"05/09/2023","2.3902","2.3639","2.3936","2.3220","34.71K","0.53%"
"05/08/2023","2.3777","2.3147","2.3845","2.3147","38.53K","2.72%"
"05/05/2023","2.3147","2.2409","2.3258","2.2307","40.37K","3.39%"
"05/04/2023","2.2387","2.2102","2.2695","2.1500","44.16K","0.29%"
"05/03/2023","2.2323","2.2950","2.2979","2.2046","54.23K","-2.49%"
"05/02/2023","2.2892","2.3818","2.3974","2.2714","58.37K","-3.91%"
"05/01/2023","2.3823","2.3722","2.3896","2.3268","41.47K","0.15%"
"04/28/2023","2.3787","2.3535","2.3935","2.3320","3.16K","1.04%"
"04/27/2023","2.3542","2.3715","2.3881","2.3351","13.98K","-0.79%"
"04/26/2023","2.3730","2.4510","2.4695","2.3696","13.43K","-3.19%"
"04/25/2023","2.4511","2.5246","2.5465","2.4482","22.92K","-3.16%"
"04/24/2023","2.5310","2.5042","2.5436","2.4618","27.14K","1.70%"
"04/21/2023","2.4886","2.4917","2.5220","2.4777","23.05K","-0.25%"
"04/20/2023","2.4949","2.5525","2.5525","2.4712","23.90K","-2.46%"
"04/19/2023","2.5577","2.5990","2.6019","2.5457","22.38K","-1.62%"
"04/18/2023","2.5999","2.6244","2.6290","2.5798","36.63K","-0.57%"
"04/17/2023","2.6147","2.6464","2.6512","2.5838","43.51K","-0.93%"
"04/14/2023","2.6392","2.6838","2.6851","2.6320","51.69K","-1.26%"
"04/13/2023","2.6728","2.7016","2.7141","2.6636","38.35K","-1.12%"
"04/12/2023","2.7031","2.6679","2.7234","2.6489","46.92K","1.31%"
"04/11/2023","2.6682","2.6825","2.7057","2.6275","53.73K","-0.49%"
"04/10/2023","2.6814","2.6658","2.7036","2.6396","48.25K","0.79%"
"04/06/2023","2.6605","2.7325","2.7348","2.6564","71.20K","-2.58%"
"04/05/2023","2.7310","2.6900","2.7399","2.6561","69.65K","2.41%"
"04/04/2023","2.6667","2.6697","2.7013","2.6092","55.35K","0.15%"
"04/03/2023","2.6626","2.7235","2.7642","2.6509","57.12K","-0.51%"
"03/31/2023","2.6763","2.6400","2.6830","2.6286","3.00K","2.00%"
"03/30/2023","2.6237","2.6498","2.6823","2.6210","14.29K","-1.29%"
"03/29/2023","2.6581","2.7581","2.7666","2.6416","21.74K","-4.03%"
"03/28/2023","2.7696","2.7647","2.8073","2.7407","25.71K","-0.03%"
"03/27/2023","2.7704","2.7150","2.7767","2.6819","34.89K","2.79%"
"03/24/2023","2.6952","2.6847","2.7250","2.6188","27.64K","0.39%"
"03/23/2023","2.6847","2.7150","2.7581","2.6724","35.00K","3.01%"
"03/22/2023","2.6063","2.5709","2.6374","2.5438","61.32K","1.30%"
"03/21/2023","2.5729","2.5571","2.5793","2.5112","48.04K","0.59%"
"03/20/2023","2.5578","2.5400","2.5718","2.4575","45.13K","0.42%"
"03/17/2023","2.5472","2.5300","2.6102","2.5038","52.18K","0.45%"
"03/16/2023","2.5358","2.5162","2.5467","2.4238","46.45K","1.17%"
"03/15/2023","2.5065","2.6350","2.6600","2.4469","50.92K","-7.66%"
"03/14/2023","2.7144","2.7704","2.7960","2.7017","45.56K","-1.71%"
"03/13/2023","2.7615","2.7792","2.8080","2.6456","60.54K","-0.41%"
"03/10/2023","2.7729","2.6664","2.7923","2.6294","56.65K","3.90%"
"03/09/2023","2.6689","2.7331","2.7800","2.6647","55.82K","-2.66%"
"03/08/2023","2.7419","2.7842","2.8058","2.7168","56.16K","-1.99%"
"03/07/2023","2.7975","2.8894","2.9065","2.7742","49.75K","-3.09%"
"03/06/2023","2.8866","2.9099","2.9100","2.8310","40.50K","-0.91%"
"03/03/2023","2.9131","2.8527","2.9198","2.8005","43.77K","1.64%"
"03/02/2023","2.8662","2.8718","2.9107","2.8382","56.68K","-0.26%"
"03/01/2023","2.8738","2.7982","2.8753","2.7920","44.21K","1.88%"
"02/28/2023","2.8209","2.8199","2.8613","2.7947","3.55K","0.04%"
"02/27/2023","2.8198","2.8006","2.8400","2.7779","18.22K","1.90%"
"02/24/2023","2.7671","2.7030","2.7795","2.6662","52.30K","2.84%"
"02/23/2023","2.6908","2.6875","2.7288","2.6517","65.05K","-0.41%"
"02/22/2023","2.7018","2.7728","2.7882","2.6869","48.48K","-3.23%"
"02/21/2023","2.7919","2.7306","2.8200","2.6935","34.04K","1.40%"
"02/20/2023","2.7534","2.7367","2.7817","2.7182","","0.61%"
"02/19/2023","2.7368","2.7396","2.7399","2.7305","","0.91%"
"02/17/2023","2.7121","2.7950","2.7965","2.6577","34.78K","-3.51%"
"02/16/2023","2.8108","2.8444","2.8874","2.7816","24.41K","-1.18%"
"02/15/2023","2.8444","2.9179","2.9300","2.8020","33.75K","-3.25%"
"02/14/2023","2.9401","2.8862","2.9496","2.8524","40.02K","1.18%"
"02/13/2023","2.9057","2.8700","2.9223","2.8188","38.25K","1.43%"
"02/10/2023","2.8646","2.8175","2.9129","2.8027","41.34K","1.75%"
"02/09/2023","2.8154","2.9009","2.9300","2.7905","42.55K","-2.69%"
"02/08/2023","2.8933","2.9080","2.9774","2.8629","50.42K","-0.38%"
"02/07/2023","2.9044","2.7690","2.9106","2.7607","57.89K","4.90%"
"02/06/2023","2.7687","2.7844","2.8142","2.6653","56.84K","-0.24%"
"02/03/2023","2.7753","2.9061","2.9311","2.7670","56.91K","-4.19%"
"02/02/2023","2.8967","2.9647","2.9775","2.8911","53.72K","-1.84%"
"02/01/2023","2.9511","3.1421","3.1502","2.9265","63.18K","-7.27%"
"01/31/2023","3.1823","3.1135","3.2080","3.0570","1.99K","2.30%"
"01/30/2023","3.1108","3.2816","3.2920","3.1000","19.72K","-4.74%"
"01/27/2023","3.2655","3.3974","3.4361","3.2500","26.39K","-3.86%"
"01/26/2023","3.3965","3.3597","3.4269","3.3146","23.57K","1.05%"
"01/25/2023","3.3613","3.4598","3.5156","3.3250","30.17K","-1.92%"
"01/24/2023","3.4272","3.5406","3.5800","3.4134","32.10K","-3.48%"
"01/23/2023","3.5509","3.4731","3.5727","3.4615","32.34K","2.43%"
"01/20/2023","3.4668","3.3856","3.4828","3.3561","44.46K","2.69%"
"01/19/2023","3.3759","3.2539","3.3878","3.2115","45.01K","3.46%"
"01/18/2023","3.2630","3.2765","3.3375","3.2300","36.24K","0.37%"
"01/17/2023","3.2510","3.2676","3.3025","3.2165","53.00K","-0.19%"
"01/16/2023","3.2573","3.2628","3.2788","3.2434","","-0.17%"
"01/15/2023","3.2630","3.2763","3.2769","3.2630","","0.22%"
"01/13/2023","3.2559","3.2241","3.2882","3.2037","44.31K","1.15%"
"01/12/2023","3.2190","3.1926","3.2673","3.1672","51.91K","0.03%"
"01/11/2023","3.2179","3.1188","3.2488","3.0944","70.87K","2.62%"
"01/10/2023","3.1357","3.0389","3.1559","3.0099","60.64K","3.28%"
"01/09/2023","3.0360","3.0054","3.1069","2.9949","49.94K","1.05%"
"01/06/2023","3.0045","2.9789","3.0536","2.9520","41.60K","1.08%"
"01/05/2023","2.9723","3.0016","3.0669","2.9200","55.07K","0.01%"
"01/04/2023","2.9719","3.0682","3.0912","2.9215","51.61K","-3.71%"
"01/03/2023","3.0865","3.2965","3.3322","3.0755","58.57K","-6.79%"
"01/02/2023","3.3112","3.3009","3.3184","3.2971","","-1.52%"
"12/30/2022","3.3622","3.3269","3.3750","3.2619","2.42K","1.49%"
"12/29/2022","3.3130","3.3568","3.3568","3.2433","15.08K","-1.92%"
"12/28/2022","3.3778","3.3890","3.3937","3.2270","17.55K","0.72%"
"12/27/2022","3.3537","3.2854","3.4051","3.2561","25.34K","1.33%"
"12/26/2022","3.3096","3.2590","3.3096","3.2548","","2.95%"
"12/23/2022","3.2148","3.1140","3.2529","3.0805","44.26K","3.86%"
"12/22/2022","3.0954","3.1511","3.1830","3.0816","38.59K","-0.43%"
"12/21/2022","3.1088","3.0334","3.1526","3.0211","39.15K","2.63%"
"12/20/2022","3.0291","3.0648","3.0648","2.9682","35.43K","0.37%"
"12/19/2022","3.0179","3.0750","3.1267","3.0152","37.40K","-1.84%"
"12/16/2022","3.0746","3.2140","3.2242","3.0683","43.88K","-4.36%"
"12/15/2022","3.2146","3.2182","3.2580","3.1786","45.57K","-0.47%"
"12/14/2022","3.2298","3.0550","3.2367","3.0458","47.73K","5.57%"
"12/13/2022","3.0594","2.9338","3.0816","2.9220","38.28K","4.07%"
"12/12/2022","2.9397","2.8008","2.9683","2.7652","45.82K","5.82%"
"12/09/2022","2.7780","2.8388","2.8613","2.7517","38.36K","-2.36%"
"12/08/2022","2.8450","2.7667","2.8667","2.7650","48.44K","2.84%"
"12/07/2022","2.7665","2.8941","2.9111","2.7555","49.41K","-4.17%"
"12/06/2022","2.8869","2.9702","2.9985","2.8544","36.42K","-2.80%"
"12/05/2022","2.9702","3.1414","3.1995","2.9625","45.65K","-5.09%"
"12/02/2022","3.1294","3.2122","3.2595","3.1100","33.28K","-4.08%"
"12/01/2022","3.2624","3.3539","3.4103","3.2476","52.14K","-2.99%"
"11/30/2022","3.3629","3.3150","3.4010","3.3037","1.78K","2.03%"
"11/29/2022","3.2959","3.2003","3.3293","3.1732","19.78K","2.50%"
"11/28/2022","3.2154","3.2581","3.2720","3.1757","20.63K","-0.73%"
"11/25/2022","3.2391","3.3510","3.4384","3.2334","12.03K","-4.10%"
"11/24/2022","3.3777","3.3483","3.3964","3.3334","","0.55%"
"11/23/2022","3.3593","3.4823","3.5097","3.3460","25.01K","-3.23%"
"11/22/2022","3.4713","3.4955","3.5335","3.4561","21.90K","-0.74%"
"11/21/2022","3.4973","3.5176","3.5181","3.3681","20.48K","-0.59%"
"11/18/2022","3.5181","3.5199","3.5500","3.4101","24.94K","-0.19%"
"11/17/2022","3.5248","3.6259","3.6292","3.4768","28.75K","-2.46%"
"11/16/2022","3.6136","3.6267","3.6721","3.5745","26.15K","-0.76%"
"11/15/2022","3.6413","3.5640","3.7173","3.5374","36.80K","2.75%"
"11/14/2022","3.5440","3.5846","3.7037","3.5231","40.16K","-0.32%"
"11/11/2022","3.5553","3.5729","3.6948","3.5078","49.24K","-0.40%"
"11/10/2022","3.5694","3.6505","3.6900","3.5598","49.19K","-2.38%"
"11/09/2022","3.6563","3.7797","3.7886","3.6371","45.82K","-3.03%"
"11/08/2022","3.7707","3.7769","3.9019","3.7395","47.76K","-0.28%"
"11/07/2022","3.7811","3.9001","3.9001","3.7702","46.02K","-3.42%"
"11/04/2022","3.9148","3.8633","3.9565","3.8223","47.58K","1.28%"
"11/03/2022","3.8653","3.6898","3.8944","3.6264","54.43K","5.11%"
"11/02/2022","3.6774","3.6359","3.6945","3.5526","43.19K","1.55%"
"11/01/2022","3.6211","3.6817","3.7728","3.6128","50.02K","-13.60%"
"10/31/2022","4.1909","4.5400","4.6200","4.0861","1.52K","-7.89%"
"10/28/2022","4.5498","4.3600","4.6841","4.3300","12.40K","4.98%"
"10/27/2022","4.3339","4.1746","4.3561","4.0875","17.17K","5.19%"
"10/26/2022","4.1201","3.9532","4.2777","3.9315","25.01K","15.01%"
"10/25/2022","3.5823","3.6056","3.6161","3.5195","42.57K","0.42%"
"10/24/2022","3.5672","3.5440","3.6452","3.5222","44.55K","0.39%"
"10/21/2022","3.5532","3.4995","3.5820","3.4435","49.31K","1.99%"
"10/20/2022","3.4838","3.5307","3.6305","3.4576","50.81K","-2.16%"
"10/19/2022","3.5606","3.6346","3.6524","3.5082","49.72K","-1.89%"
"10/18/2022","3.6291","3.7264","3.7358","3.6005","46.32K","-1.58%"
"10/17/2022","3.6873","3.6134","3.7074","3.6031","41.23K","2.35%"
"10/14/2022","3.6026","3.6854","3.7119","3.5735","41.37K","-12.02%"
"10/13/2022","4.0948","3.9332","4.1149","3.8624","51.42K","4.12%"
"10/12/2022","3.9328","3.9032","4.0707","3.8601","63.63K","0.05%"
"10/11/2022","3.9308","3.8742","3.9433","3.6941","56.58K","0.41%"
"10/10/2022","3.9147","4.0598","4.0859","3.8595","53.63K","-2.59%"
"10/07/2022","4.0187","3.8787","4.0506","3.8399","48.89K","3.98%"
"10/06/2022","3.8649","3.6951","3.8883","3.6044","63.54K","4.83%"
"10/05/2022","3.6869","3.5306","3.7174","3.4860","66.37K","4.27%"
"10/04/2022","3.5358","3.3691","3.5455","3.3547","57.72K","4.95%"
"10/03/2022","3.3691","3.2650","3.3795","3.2649","55.22K","0.00%"
"09/30/2022","3.3690","3.4047","3.4047","3.3299","2.20K","-1.34%"
"09/29/2022","3.4146","3.4514","3.4954","3.3831","12.48K","-1.01%"
"09/28/2022","3.4494","3.2545","3.4657","3.2050","22.64K","5.81%"
"09/27/2022","3.2599","3.1389","3.2855","3.1240","20.16K","4.18%"
"09/26/2022","3.1291","3.2514","3.2663","3.1085","23.69K","-3.34%"
"09/23/2022","3.2371","3.4112","3.4114","3.2059","25.30K","-5.11%"
"09/22/2022","3.4115","3.3319","3.4758","3.3057","31.59K","2.33%"
"09/21/2022","3.3338","3.3762","3.4990","3.2630","33.86K","-1.14%"
"09/20/2022","3.3722","3.3285","3.3877","3.2896","35.77K","1.85%"
"09/19/2022","3.3108","3.1878","3.3240","3.1304","42.24K","4.36%"
"09/16/2022","3.1725","3.2096","3.2699","3.1573","37.21K","-1.02%"
"09/15/2022","3.2052","3.3790","3.3968","3.1450","62.83K","-5.14%"
"09/14/2022","3.3789","3.5529","3.5558","3.3256","63.77K","-4.59%"
"09/13/2022","3.5413","3.6097","3.6596","3.4850","44.05K","-1.72%"
"09/12/2022","3.6031","3.5743","3.7050","3.5589","40.97K","0.68%"
"09/09/2022","3.5787","3.5366","3.6108","3.5201","40.46K","1.09%"
"09/08/2022","3.5401","3.5615","3.6057","3.4826","43.43K","-1.28%"
"09/07/2022","3.5860","3.5738","3.6234","3.4959","40.90K","0.34%"
"09/06/2022","3.5738","3.5825","3.7771","3.5375","50.46K","-3.54%"
"09/05/2022","3.7050","3.7077","3.7754","3.6664","","-0.07%"
"09/04/2022","3.7077","3.6436","3.7083","3.6431","","3.62%"
"09/02/2022","3.5780","3.5575","3.6827","3.5172","53.55K","0.47%"
"09/01/2022","3.5612","3.6511","3.6530","3.4433","56.11K","-4.15%"
"08/31/2022","3.7154","3.8312","3.8313","3.6946","2.13K","-2.66%"
"08/30/2022","3.8171","3.9290","3.9531","3.7220","13.44K","-2.37%"
"08/29/2022","3.9099","3.9975","4.0232","3.8774","12.31K","-2.44%"
"08/26/2022","4.0076","3.9596","4.0403","3.9491","17.89K","1.48%"
"08/25/2022","3.9491","4.0354","4.1154","3.9364","21.59K","-1.60%"
"08/24/2022","4.0132","3.8392","4.0381","3.8101","27.38K","4.46%"
"08/23/2022","3.8419","3.7720","3.8680","3.7520","20.04K","1.74%"
"08/22/2022","3.7762","3.6960","3.7835","3.6489","22.84K","2.05%"
"08/19/2022","3.7005","3.6551","3.7391","3.5662","26.96K","1.39%"
"08/18/2022","3.6497","3.6085","3.6874","3.5817","33.67K","0.89%"
"08/17/2022","3.6174","3.4802","3.6213","3.4528","39.64K","3.94%"
"08/16/2022","3.4802","3.4276","3.5085","3.4194","30.62K","1.16%"
"08/15/2022","3.4403","3.5100","3.5337","3.3752","33.22K","-2.20%"
"08/12/2022","3.5178","3.4891","3.5500","3.4521","33.60K","0.97%"
"08/11/2022","3.4840","3.4061","3.5262","3.3893","38.51K","2.16%"
"08/10/2022","3.4103","3.3319","3.4344","3.2458","37.60K","2.29%"
"08/09/2022","3.3338","3.1913","3.3545","3.1812","46.66K","4.87%"
"08/08/2022","3.1791","3.2065","3.2329","3.1424","46.77K","-1.14%"
"08/05/2022","3.2159","3.2933","3.3290","3.1805","50.47K","-3.63%"
"08/04/2022","3.3372","3.4248","3.4548","3.2813","42.18K","-2.27%"
"08/03/2022","3.4148","3.3769","3.5055","3.3414","37.24K","1.02%"
"08/02/2022","3.3804","3.4365","3.4533","3.3300","37.78K","-1.73%"
"08/01/2022","3.4400","3.5422","3.5584","3.4017","45.47K","-5.10%"
"07/29/2022","3.6247","3.7100","3.7858","3.6043","1.82K","-1.67%"
"07/28/2022","3.6863","3.7291","3.8063","3.6400","13.43K","-0.83%"
"07/27/2022","3.7173","3.5897","3.7423","3.5581","17.01K","3.72%"
"07/26/2022","3.5839","3.5129","3.6148","3.5010","21.32K","1.91%"
"07/25/2022","3.5166","3.4700","3.5647","3.3949","26.38K","1.77%"
"07/22/2022","3.4556","3.5910","3.6622","3.4329","26.01K","-3.75%"
"07/21/2022","3.5903","3.6270","3.6289","3.4234","26.67K","-0.39%"
"07/20/2022","3.6043","3.6308","3.6631","3.5205","23.31K","-0.62%"
"07/19/2022","3.6268","3.6338","3.6662","3.5082","28.55K","-0.79%"
"07/18/2022","3.6555","3.6997","3.7577","3.6177","33.67K","-1.18%"
"07/15/2022","3.6990","3.6725","3.7465","3.5926","28.18K","1.36%"
"07/14/2022","3.6494","3.6794","3.7195","3.5006","36.52K","-0.45%"
"07/13/2022","3.6659","3.6521","3.7602","3.6018","36.43K","0.09%"
"07/12/2022","3.6626","3.7659","3.7815","3.5861","34.84K","-2.80%"
"07/11/2022","3.7681","3.6447","3.8030","3.6274","38.69K","2.59%"
"07/08/2022","3.6729","3.6700","3.7042","3.5411","41.96K","-0.03%"
"07/07/2022","3.6739","3.4296","3.7086","3.3701","49.72K","7.72%"
"07/06/2022","3.4106","3.5840","3.6620","3.3510","54.58K","-5.30%"
"07/05/2022","3.6016","3.9520","3.9851","3.5660","62.25K","-8.93%"
"07/04/2022","3.9546","3.9626","3.9856","3.8616","","-0.19%"
"07/03/2022","3.9623","3.9475","3.9678","3.9466","","0.59%"
"07/01/2022","3.9389","3.8485","4.0264","3.8136","48.20K","1.04%"
"06/30/2022","3.8982","4.0370","4.0500","3.8251","2.41K","-3.43%"
"06/29/2022","4.0367","4.1995","4.2344","4.0059","17.48K","-3.87%"
"06/28/2022","4.1994","4.2701","4.3330","4.0425","18.26K","-0.73%"
"06/27/2022","4.2302","4.3500","4.3773","4.2173","23.80K","-3.04%"
"06/24/2022","4.3629","4.3251","4.3937","4.3023","25.62K","0.58%"
"06/23/2022","4.3379","4.3923","4.4180","4.2629","24.81K","-1.51%"
"06/22/2022","4.4046","4.3726","4.4135","4.2096","25.94K","1.06%"
"06/21/2022","4.3584","4.3434","4.5418","4.3135","32.57K","-2.87%"
"06/20/2022","4.4874","4.3819","4.4893","4.3111","","2.41%"
"06/19/2022","4.3819","4.3835","4.3980","4.3793","","0.97%"
"06/17/2022","4.3398","4.5719","4.6444","4.2936","34.52K","-5.06%"
"06/16/2022","4.5713","4.5320","4.5825","4.4124","28.27K","0.53%"
"06/15/2022","4.5470","4.3816","4.6070","4.3557","36.91K","3.48%"
"06/14/2022","4.3940","4.2749","4.4570","4.2488","36.65K","2.58%"
"06/13/2022","4.2834","4.3612","4.3762","4.1949","46.41K","-1.91%"
"06/10/2022","4.3667","4.4187","4.5135","4.3155","38.66K","-0.84%"
"06/09/2022","4.4037","4.3319","4.4667","4.2529","46.60K","2.07%"
"06/08/2022","4.3143","4.3177","4.3512","4.2800","47.56K","-0.15%"
"06/07/2022","4.3206","4.3877","4.4025","4.2466","50.48K","-0.91%"
"06/06/2022","4.3601","4.3026","4.4084","4.2565","45.14K","1.86%"
"06/03/2022","4.2803","4.2696","4.3504","4.1969","44.54K","1.71%"
"06/02/2022","4.2084","4.1472","4.2924","4.0271","48.64K","1.57%"
"06/01/2022","4.1433","4.0200","4.1716","3.9702","42.12K","1.28%"
"05/31/2022","4.0909","4.0153","4.2474","3.9894","3.50K","2.62%"
"05/30/2022","3.9863","3.9244","3.9913","3.9011","","1.57%"
"05/29/2022","3.9245","3.9120","3.9245","3.9092","","-1.96%"
"05/27/2022","4.0029","3.9967","4.0211","3.9103","17.90K","0.88%"
"05/26/2022","3.9680","3.8914","3.9982","3.8526","19.13K","2.63%"
"05/25/2022","3.8664","3.7927","3.8900","3.7446","22.09K","2.24%"
"05/24/2022","3.7818","3.7790","3.8478","3.7031","24.35K","0.34%"
"05/23/2022","3.7688","3.7480","3.7982","3.6972","23.76K","0.79%"
"05/20/2022","3.7391","3.7864","3.8236","3.7365","19.76K","-1.40%"
"05/19/2022","3.7920","3.6531","3.8019","3.5248","27.63K","3.38%"
"05/18/2022","3.6681","3.8117","3.8418","3.6173","33.58K","-3.45%"
"05/17/2022","3.7993","3.9134","3.9739","3.7800","35.29K","-2.77%"
"05/16/2022","3.9075","3.9448","3.9608","3.8372","32.23K","-0.35%"
"05/13/2022","3.9212","3.9317","4.0197","3.8938","30.42K","0.13%"
"05/12/2022","3.9161","3.9665","4.0011","3.7646","40.28K","-0.89%"
"05/11/2022","3.9512","3.9528","4.0614","3.9214","49.59K","0.48%"
"05/10/2022","3.9322","3.8184","3.9900","3.7637","41.23K","2.54%"
"05/09/2022","3.8349","4.0000","4.0043","3.7974","46.96K","-3.02%"
"05/06/2022","3.9543","4.0573","4.0966","3.9076","49.33K","-2.15%"
"05/05/2022","4.0413","4.2098","4.2455","4.0200","47.50K","-3.71%"
"05/04/2022","4.1970","4.1007","4.2461","4.0952","43.18K","2.80%"
"05/03/2022","4.0827","4.2650","4.2650","4.0290","49.89K","-2.91%"
"05/02/2022","4.2049","3.9940","4.2738","3.9444","43.50K","-12.06%"
"04/29/2022","4.7817","4.9283","5.8595","4.4067","2.14K","-6.89%"
"04/28/2022","5.1354","4.6825","5.2215","4.6635","15.33K","9.86%"
"04/27/2022","4.6743","4.4500","4.7099","4.3450","11.95K","4.62%"
"04/26/2022","4.4679","4.1271","4.5714","4.1044","24.43K","9.22%"
"04/25/2022","4.0909","3.9544","4.1366","3.8170","24.98K","3.87%"
"04/22/2022","3.9386","3.9113","3.9761","3.8246","20.70K","0.97%"
"04/21/2022","3.9008","3.9581","3.9957","3.8275","22.23K","-1.82%"
"04/20/2022","3.9731","3.8703","3.9864","3.8535","25.26K","2.88%"
"04/19/2022","3.8619","3.9021","3.9153","3.7555","24.72K","-0.74%"
"04/18/2022","3.8908","3.8570","3.9985","3.7928","27.33K","0.93%"
"04/14/2022","3.8548","3.7686","3.9192","3.6648","41.44K","3.67%"
"04/13/2022","3.7184","3.4955","3.7756","3.4600","49.57K","7.33%"
"04/12/2022","3.4644","3.2954","3.4981","3.2798","45.57K","6.02%"
"04/11/2022","3.2677","3.3278","3.3586","3.2196","33.12K","-1.50%"
"04/08/2022","3.3176","3.3065","3.3382","3.2459","42.48K","1.52%"
"04/07/2022","3.2678","3.3460","3.4129","3.1891","48.16K","-2.31%"
"04/06/2022","3.3452","3.4518","3.5631","3.3228","39.38K","-3.55%"
"04/05/2022","3.4682","3.5749","3.6167","3.4100","40.67K","-2.20%"
"04/04/2022","3.5461","3.4249","3.6000","3.4249","32.52K","3.57%"
"04/01/2022","3.4240","3.3700","3.4799","3.2927","36.99K","-7.24%"
"03/31/2022","3.6912","3.7925","3.7990","3.6178","4.28K","-3.08%"
"03/30/2022","3.8085","3.7453","3.9197","3.7100","14.59K","2.49%"
"03/29/2022","3.7161","3.6918","3.8513","3.4939","13.76K","-1.78%"
"03/28/2022","3.7834","4.0710","4.0730","3.6570","18.70K","-8.05%"
"03/25/2022","4.1146","4.1550","4.2000","3.9100","20.50K","-0.93%"
"03/24/2022","4.1534","4.0800","4.1818","4.0148","25.50K","0.94%"
"03/23/2022","4.1148","3.7849","4.1284","3.7659","22.74K","6.49%"
"03/22/2022","3.8642","3.8003","3.8883","3.6397","19.96K","1.67%"
"03/21/2022","3.8009","3.5920","3.8695","3.5920","24.36K","5.64%"
"03/18/2022","3.5981","3.4878","3.6263","3.4365","26.14K","3.17%"
"03/17/2022","3.4874","3.1627","3.5518","3.1312","29.45K","12.49%"
"03/16/2022","3.1001","3.0090","3.1703","2.9740","28.75K","2.32%"
"03/15/2022","3.0297","3.2286","3.2600","2.9330","34.78K","-7.53%"
"03/14/2022","3.2763","3.4176","3.4404","3.2145","27.33K","-4.13%"
"03/11/2022","3.4176","3.3020","3.5229","3.1699","41.13K","3.68%"
"03/10/2022","3.2962","3.5471","3.8424","3.2835","60.14K","-4.85%"
"03/09/2022","3.4643","4.5152","4.6709","3.3735","83.17K","-21.93%"
"03/08/2022","4.4373","3.9738","4.5275","3.9044","75.94K","13.15%"
"03/07/2022","3.9215","3.8325","4.2373","3.8125","63.64K","3.85%"
"03/04/2022","3.7763","3.5077","3.8000","3.4530","57.92K","7.79%"
"03/03/2022","3.5034","3.5405","3.8416","3.3845","55.37K","0.25%"
"03/02/2022","3.4947","3.2250","3.6072","3.2076","83.06K","10.90%"
"03/01/2022","3.1511","2.9310","3.2233","2.9299","76.89K","4.57%"
"02/28/2022","3.0134","2.9710","3.0196","2.9434","6.33K","5.75%"
"02/25/2022","2.8495","2.9081","2.9699","2.8045","27.66K","-1.64%"
"02/24/2022","2.8969","2.8428","3.0474","2.8427","36.78K","2.39%"
"02/23/2022","2.8292","2.8069","2.8525","2.7742","34.23K","0.37%"
"02/22/2022","2.8188","2.8013","2.9098","2.7600","42.64K","0.39%"
"02/21/2022","2.8078","2.7834","2.8251","2.7253","","0.88%"
"02/20/2022","2.7832","2.7833","2.7889","2.7821","","0.06%"
"02/18/2022","2.7815","2.7909","2.8027","2.7147","46.38K","-0.17%"
"02/17/2022","2.7862","2.7940","2.8465","2.7484","50.50K","-2.50%"
"02/16/2022","2.8575","2.8705","2.9000","2.7650","56.61K","-0.07%"
"02/15/2022","2.8595","2.9370","2.9533","2.8245","51.39K","-3.45%"
"02/14/2022","2.9618","2.9364","2.9666","2.8687","49.39K","1.75%"
"02/11/2022","2.9109","2.8228","2.9484","2.8030","70.51K","2.96%"
"02/10/2022","2.8272","2.8327","2.8711","2.8040","63.15K","0.08%"
"02/09/2022","2.8249","2.8047","2.8374","2.7676","75.44K","1.16%"
"02/08/2022","2.7926","2.8578","2.8617","2.7463","104.36K","-2.20%"
"02/07/2022","2.8554","2.8900","2.9318","2.8425","88.06K","-0.69%"
"02/04/2022","2.8751","2.8272","2.9065","2.8247","67.94K","1.25%"
"02/03/2022","2.8395","2.7660","2.8435","2.7412","94.12K","2.55%"
"02/02/2022","2.7689","2.7495","2.7848","2.7294","68.52K","1.01%"
"02/01/2022","2.7412","2.7189","2.7559","2.6626","85.04K","-0.65%"
"01/31/2022","2.7592","2.8150","2.8160","2.7457","5.31K","-0.94%"
"01/28/2022","2.7855","2.8289","2.8640","2.7698","23.96K","-0.32%"
"01/27/2022","2.7945","2.7396","2.8333","2.7261","35.72K","1.84%"
"01/26/2022","2.7440","2.6668","2.7521","2.6661","41.97K","2.81%"
"01/25/2022","2.6691","2.6500","2.6707","2.6154","49.39K","1.59%"
"01/24/2022","2.6274","2.6872","2.7152","2.6090","44.02K","-2.37%"
"01/21/2022","2.6912","2.6426","2.6927","2.6031","42.07K","0.73%"
"01/20/2022","2.6718","2.6700","2.6935","2.6352","46.03K","-0.76%"
"01/19/2022","2.6923","2.7101","2.7271","2.6650","52.91K","0.68%"
"01/18/2022","2.6740","2.6345","2.7153","2.6345","100.51K","0.33%"
"01/17/2022","2.6652","2.6491","2.6755","2.6350","","0.60%"
"01/16/2022","2.6494","2.6471","2.6540","2.6471","","0.57%"
"01/14/2022","2.6343","2.6016","2.6459","2.5990","82.31K","0.99%"
"01/13/2022","2.6085","2.5988","2.6203","2.5753","87.77K","0.55%"
"01/12/2022","2.5942","2.5638","2.6133","2.5602","92.82K","1.19%"
"01/11/2022","2.5636","2.4916","2.5718","2.4866","81.48K","3.06%"
"01/10/2022","2.4876","2.4917","2.5245","2.4753","85.67K","0.23%"
"01/07/2022","2.4818","2.4790","2.5001","2.4656","61.13K","0.17%"
"01/06/2022","2.4777","2.4282","2.4989","2.4140","68.96K","1.29%"
"01/05/2022","2.4461","2.4114","2.4624","2.3990","62.35K","1.52%"
"01/04/2022","2.4095","2.3607","2.4159","2.3522","63.99K","2.21%"
"01/03/2022","2.3574","2.3283","2.3722","2.3134","51.35K","1.17%"
"12/31/2021","2.3301","2.3700","2.3773","2.3248","2.17K","-2.75%"
"12/30/2021","2.3959","2.3766","2.4049","2.3647","11.54K","0.76%"
"12/29/2021","2.3778","2.3742","2.4054","2.3516","16.25K","0.27%"
"12/28/2021","2.3714","2.3610","2.3978","2.3483","21.10K","0.76%"
"12/27/2021","2.3535","2.3200","2.3750","2.2954","14.90K","0.95%"
"12/23/2021","2.3314","2.3180","2.3370","2.2887","26.41K","1.02%"
"12/22/2021","2.3078","2.2595","2.3142","2.2464","31.79K","2.21%"
"12/21/2021","2.2578","2.1924","2.2653","2.1700","29.28K","3.90%"
"12/20/2021","2.1730","2.2168","2.2168","2.1085","47.74K","-2.11%"
"12/17/2021","2.2199","2.2574","2.2630","2.1967","44.05K","-2.05%"
"12/16/2021","2.2663","2.2345","2.2773","2.2246","46.59K","2.07%"
"12/15/2021","2.2204","2.2112","2.2395","2.1873","51.50K","0.09%"
"12/14/2021","2.2184","2.2345","2.2562","2.1859","47.59K","-0.64%"
"12/13/2021","2.2328","2.2595","2.2839","2.2307","49.46K","-0.83%"
"12/10/2021","2.2516","2.2409","2.2729","2.2318","42.64K","0.06%"
"12/09/2021","2.2503","2.2641","2.2844","2.2320","56.59K","-0.49%"
"12/08/2021","2.2613","2.2299","2.2725","2.2127","51.90K","1.65%"
"12/07/2021","2.2246","2.1810","2.2378","2.1747","57.59K","2.46%"
"12/06/2021","2.1712","2.1160","2.1880","2.1060","46.74K","3.47%"
"12/03/2021","2.0984","2.1109","2.1620","2.0801","58.59K","-0.24%"
"12/02/2021","2.1034","2.0725","2.1334","2.0069","74.28K","1.27%"
"12/01/2021","2.0771","2.0836","2.1600","2.0586","64.34K","0.64%"
"11/30/2021","2.0638","2.1545","2.1740","2.0358","4.36K","-4.10%"
"11/29/2021","2.1521","2.0945","2.2300","2.0945","23.12K","2.75%"
"11/26/2021","2.0945","2.3795","2.3837","2.0907","18.50K","-11.30%"
"11/25/2021","2.3613","2.3788","2.3847","2.3599","","-0.91%"
"11/24/2021","2.3830","2.3849","2.4059","2.3744","34.25K","-0.05%"
"11/23/2021","2.3843","2.3225","2.3936","2.2943","41.39K","2.53%"
"11/22/2021","2.3254","2.2904","2.3393","2.2632","46.97K","1.40%"
"11/19/2021","2.2934","2.3800","2.4065","2.2682","46.26K","-3.80%"
"11/18/2021","2.3840","2.3712","2.3926","2.3427","35.60K","0.83%"
"11/17/2021","2.3644","2.4250","2.4305","2.3548","49.31K","-2.74%"
"11/16/2021","2.4309","2.3984","2.4446","2.3916","54.81K","1.37%"
"11/15/2021","2.3981","2.4010","2.4150","2.3510","67.35K","-0.23%"
"11/12/2021","2.4037","2.4340","2.4430","2.3835","69.02K","-1.77%"
"11/11/2021","2.4471","2.4470","2.4678","2.4131","73.50K","-0.20%"
"11/10/2021","2.4521","2.5126","2.5280","2.4347","66.18K","-2.23%"
"11/09/2021","2.5081","2.4740","2.5158","2.4595","67.58K","1.66%"
"11/08/2021","2.4671","2.4433","2.4859","2.4433","63.52K","0.47%"
"11/05/2021","2.4556","2.4153","2.4740","2.4005","69.64K","2.04%"
"11/04/2021","2.4066","2.4171","2.5040","2.3980","62.84K","-1.15%"
"11/03/2021","2.4345","2.4907","2.4940","2.4120","62.62K","-2.94%"
"11/02/2021","2.5082","2.4999","2.5193","2.4635","66.25K","0.20%"
"11/01/2021","2.5031","2.4764","2.5150","2.4631","50.60K","0.27%"
"10/29/2021","2.4964","2.5090","2.5200","2.4649","3.80K","-0.80%"
"10/28/2021","2.5165","2.5093","2.5449","2.4513","24.36K","0.07%"
"10/27/2021","2.5148","2.5682","2.5688","2.4949","25.23K","-2.43%"
"10/26/2021","2.5773","2.5647","2.5797","2.5472","40.64K","0.49%"
"10/25/2021","2.5647","2.5435","2.5807","2.5390","38.77K","1.02%"
"10/22/2021","2.5389","2.5498","2.5683","2.5274","38.11K","-0.40%"
"10/21/2021","2.5491","2.5874","2.5958","2.5157","28.35K","-1.67%"
"10/20/2021","2.5923","2.5658","2.5932","2.5170","38.57K","1.23%"
"10/19/2021","2.5607","2.5335","2.5674","2.5078","43.96K","0.45%"
"10/18/2021","2.5492","2.5719","2.6080","2.5331","61.75K","-0.95%"
"10/15/2021","2.5737","2.5673","2.5997","2.5574","75.21K","0.48%"
"10/14/2021","2.5614","2.5253","2.5692","2.5195","59.99K","1.60%"
"10/13/2021","2.5211","2.5089","2.5293","2.4747","64.54K","0.44%"
"10/12/2021","2.5100","2.5150","2.5302","2.4845","72.04K","-0.20%"
"10/11/2021","2.5150","2.4743","2.5376","2.4743","55.66K","1.67%"
"10/08/2021","2.4737","2.4690","2.5029","2.4635","66.49K","0.57%"
"10/07/2021","2.4596","2.4377","2.4724","2.3735","62.31K","0.72%"
"10/06/2021","2.4420","2.4936","2.5213","2.4290","58.55K","-2.07%"
"10/05/2021","2.4936","2.4375","2.5032","2.4314","63.37K","2.34%"
"10/04/2021","2.4366","2.3826","2.4526","2.3659","57.87K","2.26%"
"10/01/2021","2.3827","2.3396","2.3871","2.3222","56.97K","1.75%"
"09/30/2021","2.3417","2.3180","2.3688","2.2886","3.71K","1.48%"
"09/29/2021","2.3075","2.2760","2.3168","2.2538","17.08K","0.81%"
"09/28/2021","2.2890","2.2933","2.3320","2.2654","27.63K","-0.30%"
"09/27/2021","2.2960","2.2693","2.3116","2.2689","32.95K","1.27%"
"09/24/2021","2.2671","2.2459","2.2703","2.2325","33.73K","0.80%"
"09/23/2021","2.2491","2.2110","2.2511","2.1914","35.58K","1.70%"
"09/22/2021","2.2116","2.1830","2.2148","2.1755","27.15K","1.74%"
"09/21/2021","2.1738","2.1690","2.1951","2.1440","22.95K","0.69%"
"09/20/2021","2.1590","2.2109","2.2117","2.1486","33.61K","-2.27%"
"09/17/2021","2.2091","2.2051","2.2188","2.1909","43.14K","-0.09%"
"09/16/2021","2.2110","2.2065","2.2162","2.1741","46.34K","0.26%"
"09/15/2021","2.2053","2.1659","2.2252","2.1640","53.53K","2.04%"
"09/14/2021","2.1613","2.1616","2.1755","2.1441","63.79K","0.14%"
"09/13/2021","2.1583","2.1436","2.1738","2.1380","45.28K","0.57%"
"09/10/2021","2.1460","2.1105","2.1557","2.1011","47.06K","1.53%"
"09/09/2021","2.1137","2.1350","2.1463","2.0911","57.99K","-1.06%"
"09/08/2021","2.1364","2.1228","2.1525","2.1205","60.23K","0.70%"
"09/07/2021","2.1216","2.1546","2.1656","2.1096","52.39K","-0.91%"
"09/06/2021","2.1410","2.1430","2.1586","2.1275","","-0.12%"
"09/05/2021","2.1436","2.1567","2.1572","2.1436","","-0.73%"
"09/03/2021","2.1594","2.1621","2.1848","2.1491","45.14K","-0.38%"
"09/02/2021","2.1677","2.1219","2.1836","2.1100","52.52K","1.82%"
"09/01/2021","2.1289","2.1347","2.1508","2.0900","58.20K","-0.10%"
"08/31/2021","2.1310","2.1377","2.1385","2.1065","2.92K","-0.43%"
"08/30/2021","2.1403","2.1299","2.1625","2.1022","17.03K","1.47%"
"08/27/2021","2.1092","2.0801","2.1175","2.0705","18.23K","1.25%"
"08/26/2021","2.0832","2.1160","2.1175","2.0718","39.56K","-1.65%"
"08/25/2021","2.1182","2.0675","2.1213","2.0523","35.74K","2.49%"
"08/24/2021","2.0668","2.0029","2.0708","1.9993","36.01K","3.08%"
"08/23/2021","2.0051","1.8970","2.0135","1.8970","37.65K","5.08%"
"08/20/2021","1.9082","1.9642","1.9710","1.8965","37.26K","-3.09%"
"08/19/2021","1.9690","2.0019","2.0076","1.9430","50.06K","-2.58%"
"08/18/2021","2.0212","2.0349","2.0611","1.9980","42.44K","-0.73%"
"08/17/2021","2.0361","2.0521","2.0654","2.0300","42.32K","-0.60%"
"08/16/2021","2.0483","2.0689","2.0769","2.0166","54.44K","-1.42%"
"08/13/2021","2.0779","2.1000","2.1074","2.0634","51.73K","-1.24%"
"08/12/2021","2.1039","2.1114","2.1136","2.0775","51.79K","-0.09%"
"08/11/2021","2.1058","2.0890","2.1122","2.0456","61.29K","1.23%"
"08/10/2021","2.0802","2.0480","2.0965","2.0384","55.86K","1.87%"
"08/09/2021","2.0421","2.0758","2.0758","2.0059","61.13K","-2.03%"
"08/06/2021","2.0845","2.1027","2.1260","2.0732","56.40K","-1.02%"
"08/05/2021","2.1060","2.0741","2.1081","2.0600","54.51K","1.54%"
"08/04/2021","2.0741","2.1235","2.1358","2.0666","65.66K","-2.46%"
"08/03/2021","2.1264","2.1438","2.1587","2.0892","48.46K","-0.44%"
"08/02/2021","2.1358","2.1910","2.1947","2.1183","44.72K","-2.89%"
"07/30/2021","2.1994","2.1826","2.2028","2.1740","3.26K","0.46%"
"07/29/2021","2.1894","2.1535","2.1918","2.1535","14.92K","1.55%"
"07/28/2021","2.1560","2.1511","2.1609","2.1417","15.82K","0.56%"
"07/27/2021","2.1439","2.1593","2.1648","2.1325","27.71K","-0.33%"
"07/26/2021","2.1510","2.1358","2.1580","2.0996","27.68K","0.80%"
"07/23/2021","2.1339","2.1314","2.1390","2.1210","24.03K","0.06%"
"07/22/2021","2.1326","2.0869","2.1359","2.0742","37.42K","2.18%"
"07/21/2021","2.0870","1.9957","2.0927","1.9957","25.85K","3.69%"
"07/20/2021","2.0127","1.9853","2.0190","1.9627","33.37K","1.39%"
"07/19/2021","1.9852","2.1011","2.1064","1.9672","51.25K","-6.06%"
"07/16/2021","2.1133","2.1034","2.1286","2.0834","34.65K","0.03%"
"07/15/2021","2.1126","2.1379","2.1425","2.1022","44.14K","-1.44%"
"07/14/2021","2.1435","2.1792","2.1830","2.1098","57.10K","-1.87%"
"07/13/2021","2.1844","2.1510","2.1877","2.1444","43.15K","1.61%"
"07/12/2021","2.1498","2.1527","2.1603","2.1164","45.64K","-0.25%"
"07/09/2021","2.1552","2.1281","2.1654","2.1117","44.52K","1.64%"
"07/08/2021","2.1204","2.0849","2.1299","2.0510","57.31K","1.50%"
"07/07/2021","2.0891","2.1243","2.1505","2.0620","58.36K","-0.75%"
"07/06/2021","2.1049","2.1790","2.2101","2.0984","67.83K","-4.14%"
"07/05/2021","2.1957","2.1787","2.1991","2.1662","","0.78%"
"07/04/2021","2.1787","2.1768","2.1810","2.1746","","-0.02%"
"07/02/2021","2.1791","2.1495","2.1841","2.1411","44.66K","1.06%"
"07/01/2021","2.1562","2.1314","2.1867","2.1283","56.11K","1.29%"
"06/30/2021","2.1287","2.1300","2.1430","2.1161","3.82K","0.32%"
"06/29/2021","2.1219","2.1201","2.1485","2.1000","14.94K","0.17%"
"06/28/2021","2.1182","2.1480","2.1558","2.1167","17.49K","-1.45%"
"06/25/2021","2.1493","2.1599","2.1754","2.0875","32.82K","-0.60%"
"06/24/2021","2.1623","2.1606","2.1659","2.1315","26.60K","0.13%"
"06/23/2021","2.1594","2.1523","2.1877","2.1468","31.45K","0.39%"
"06/22/2021","2.1510","2.1260","2.1577","2.1167","30.70K","1.14%"
"06/21/2021","2.1268","2.0861","2.1298","2.0704","36.37K","1.61%"
"06/18/2021","2.0932","2.0679","2.1020","2.0432","43.14K","1.28%"
"06/17/2021","2.0668","2.0944","2.1106","2.0376","48.28K","-1.74%"
"06/16/2021","2.1034","2.1129","2.1278","2.0870","49.70K","-0.42%"
"06/15/2021","2.1123","2.1116","2.1267","2.1036","37.95K","0.03%"
"06/14/2021","2.1116","2.1146","2.1422","2.1074","40.84K","-0.43%"
"06/11/2021","2.1207","2.1417","2.1528","2.0912","57.97K","-1.06%"
"06/10/2021","2.1434","2.1226","2.1560","2.1010","46.64K","0.65%"
"06/09/2021","2.1295","2.1344","2.1502","2.1186","43.61K","-0.26%"
"06/08/2021","2.1350","2.1156","2.1404","2.0920","53.74K","0.92%"
"06/07/2021","2.1156","2.1134","2.1315","2.0995","46.74K","-0.20%"
"06/04/2021","2.1199","2.1046","2.1231","2.0925","31.72K","0.87%"
"06/03/2021","2.1017","2.1061","2.1236","2.0830","40.79K","-0.26%"
"06/02/2021","2.1071","2.0775","2.1105","2.0747","48.19K","1.72%"
"06/01/2021","2.0715","2.0440","2.1135","2.0368","68.31K","0.92%"
"05/31/2021","2.0526","2.0419","2.0674","2.0369","","0.52%"
"05/30/2021","2.0419","2.0421","2.0444","2.0396","","-0.13%"
"05/28/2021","2.0445","2.0650","2.0725","2.0340","5.30K","-0.58%"
"05/27/2021","2.0564","2.0476","2.0600","2.0240","14.43K","0.55%"
"05/26/2021","2.0452","2.0331","2.0499","2.0195","18.45K","0.48%"
"05/25/2021","2.0354","2.0449","2.0525","2.0248","29.70K","-0.32%"
"05/24/2021","2.0420","1.9925","2.0458","1.9876","24.43K","2.71%"
"05/21/2021","1.9882","1.9605","2.0023","1.9485","27.03K","1.21%"
"05/20/2021","1.9644","2.0094","2.0171","1.9553","29.45K","-2.13%"
"05/19/2021","2.0071","2.0509","2.0531","1.9733","25.17K","-2.40%"
"05/18/2021","2.0564","2.0629","2.0777","2.0191","43.77K","-0.19%"
"05/17/2021","2.0604","2.0370","2.0662","2.0301","46.04K","1.19%"
"05/14/2021","2.0362","1.9997","2.0407","1.9857","47.29K","1.76%"
"05/13/2021","2.0009","2.0669","2.0690","1.9827","69.51K","-3.31%"
"05/12/2021","2.0695","2.0418","2.0810","2.0311","76.21K","1.36%"
"05/11/2021","2.0417","2.0164","2.0465","1.9964","69.88K","1.24%"
"05/10/2021","2.0166","2.0600","2.0776","1.9958","82.85K","0.30%"
"05/07/2021","2.0106","1.9926","2.0156","1.9688","60.07K","1.06%"
"05/06/2021","1.9895","1.9952","2.0116","1.9794","41.30K","-0.65%"
"05/05/2021","2.0025","2.0144","2.0278","1.9881","62.63K","0.19%"
"05/04/2021","1.9988","1.9543","2.0151","1.9519","61.70K","2.40%"
"05/03/2021","1.9519","1.9183","1.9610","1.9076","46.03K","1.60%"
"04/30/2021","1.9211","1.9550","1.9550","1.9100","2.57K","-2.05%"
"04/29/2021","1.9614","1.9354","1.9743","1.9339","13.71K","1.18%"
"04/28/2021","1.9386","1.9106","1.9512","1.9008","14.00K","1.73%"
"04/27/2021","1.9057","1.8800","1.9136","1.8780","22.71K","1.45%"
"04/26/2021","1.8785","1.8743","1.8840","1.8324","27.17K","0.27%"
"04/23/2021","1.8735","1.8633","1.8832","1.8528","20.38K","0.68%"
"04/22/2021","1.8608","1.8499","1.8673","1.8383","21.64K","0.38%"
"04/21/2021","1.8537","1.8759","1.8764","1.8382","25.81K","-1.40%"
"04/20/2021","1.8801","1.8925","1.9155","1.8483","37.75K","-0.66%"
"04/19/2021","1.8925","1.8913","1.9028","1.8816","27.67K","-0.17%"
"04/16/2021","1.8957","1.8963","1.9093","1.8868","39.31K","-0.17%"
"04/15/2021","1.8989","1.8824","1.8994","1.8756","39.48K","0.47%"
"04/14/2021","1.8900","1.8205","1.8945","1.8205","52.50K","4.16%"
"04/13/2021","1.8145","1.8080","1.8247","1.8011","45.90K","0.36%"
"04/12/2021","1.8080","1.8073","1.8426","1.7877","51.16K","0.02%"
"04/09/2021","1.8076","1.8079","1.8128","1.7882","42.87K","-0.12%"
"04/08/2021","1.8098","1.8052","1.8125","1.7845","41.86K","0.11%"
"04/07/2021","1.8079","1.7911","1.8107","1.7618","46.28K","0.77%"
"04/06/2021","1.7941","1.7741","1.8256","1.7722","43.19K","1.22%"
"04/05/2021","1.7724","1.8300","1.8330","1.7487","36.64K","-3.23%"
"04/01/2021","1.8316","1.7745","1.8363","1.7683","46.31K","3.40%"
"03/31/2021","1.7713","1.7905","1.8020","1.7627","2.94K","-1.00%"
"03/30/2021","1.7892","1.8138","1.8229","1.7776","15.22K","-1.14%"
"03/29/2021","1.8098","1.8100","1.8260","1.7760","17.11K","-0.01%"
"03/26/2021","1.8100","1.7474","1.8204","1.7474","19.79K","3.56%"
"03/25/2021","1.7478","1.8185","1.8205","1.7310","24.68K","-4.26%"
"03/24/2021","1.8256","1.7344","1.8299","1.7330","23.15K","4.39%"
"03/23/2021","1.7489","1.8236","1.8264","1.7295","25.95K","-4.40%"
"03/22/2021","1.8293","1.8251","1.8407","1.7984","23.77K","0.38%"
"03/19/2021","1.8223","1.7714","1.8324","1.7554","42.41K","2.14%"
"03/18/2021","1.7842","1.8989","1.9131","1.7437","47.15K","-6.40%"
"03/17/2021","1.9061","1.9341","1.9439","1.8805","55.25K","-1.38%"
"03/16/2021","1.9327","1.9456","1.9489","1.9131","31.51K","-0.83%"
"03/15/2021","1.9489","1.9649","1.9823","1.9231","44.49K","-0.95%"
"03/12/2021","1.9675","1.9594","1.9801","1.9494","59.89K","0.41%"
"03/11/2021","1.9594","1.9191","1.9645","1.9080","56.67K","2.20%"
"03/10/2021","1.9173","1.9000","1.9291","1.8812","64.49K","0.52%"
"03/09/2021","1.9073","1.9077","1.9362","1.8945","62.96K","-0.06%"
"03/08/2021","1.9085","1.9540","1.9868","1.8988","72.30K","-1.83%"
"03/05/2021","1.9440","1.9020","1.9530","1.8885","82.23K","2.53%"
"03/04/2021","1.8960","1.8297","1.9145","1.8025","74.73K","3.28%"
"03/03/2021","1.8357","1.8064","1.8487","1.8010","73.88K","1.53%"
"03/02/2021","1.8081","1.8070","1.8406","1.7882","56.89K","-0.61%"
"03/01/2021","1.8192","1.8485","1.8779","1.8007","75.45K","-2.01%"
"02/26/2021","1.8565","1.9095","1.9099","1.8487","7.27K","-2.63%"
"02/25/2021","1.9066","1.9111","1.9193","1.8885","18.24K","-0.09%"
"02/24/2021","1.9083","1.8648","1.9120","1.8570","17.93K","2.16%"
"02/23/2021","1.8680","1.8732","1.8914","1.8345","27.71K","0.51%"
"02/22/2021","1.8586","1.8141","1.8754","1.8112","46.54K","1.96%"
"02/19/2021","1.8229","1.8320","1.8457","1.8060","46.56K","-0.74%"
"02/18/2021","1.8364","1.8483","1.8653","1.8159","52.23K","-0.07%"
"02/17/2021","1.8377","1.8156","1.8533","1.8011","51.39K","1.28%"
"02/16/2021","1.8144","1.7743","1.8308","1.7743","109.65K","-0.50%"
"02/15/2021","1.8236","1.7928","1.8280","1.7915","","1.69%"
"02/14/2021","1.7933","1.7743","1.8010","1.7743","","1.24%"
"02/12/2021","1.7714","1.7415","1.7778","1.7237","66.42K","1.54%"
"02/11/2021","1.7446","1.7569","1.7609","1.7359","60.50K","-0.93%"
"02/10/2021","1.7610","1.7597","1.7677","1.7473","59.35K","0.24%"
"02/09/2021","1.7567","1.7501","1.7663","1.7341","51.48K","0.51%"
"02/08/2021","1.7478","1.7149","1.7530","1.7148","55.64K","1.99%"
"02/05/2021","1.7137","1.7079","1.7360","1.7079","68.86K","0.78%"
"02/04/2021","1.7005","1.6950","1.7115","1.6731","50.56K","0.59%"
"02/03/2021","1.6905","1.6835","1.7050","1.6779","54.09K","0.95%"
"02/02/2021","1.6746","1.6474","1.6896","1.6444","71.35K","1.68%"
"02/01/2021","1.6469","1.5949","1.6503","1.5845","82.25K","2.91%"
"01/29/2021","1.6004","1.5983","1.6357","1.5951","3.35K","-0.08%"
"01/28/2021","1.6017","1.6065","1.6311","1.5934","12.02K","-0.45%"
"01/27/2021","1.6089","1.6012","1.6210","1.5825","17.13K","0.66%"
"01/26/2021","1.5984","1.5965","1.6069","1.5851","27.66K","0.28%"
"01/25/2021","1.5939","1.5736","1.5997","1.5657","28.05K","1.14%"
"01/22/2021","1.5760","1.6013","1.6014","1.5556","29.70K","-1.54%"
"01/21/2021","1.6006","1.5881","1.6025","1.5835","23.78K","0.01%"
"01/20/2021","1.6004","1.6012","1.6141","1.5873","22.22K","0.11%"
"01/19/2021","1.5987","1.5842","1.6089","1.5776","35.54K","0.55%"
"01/18/2021","1.5899","1.5886","1.5943","1.5778","","0.11%"
"01/17/2021","1.5881","1.5829","1.5914","1.5829","","-0.30%"
"01/15/2021","1.5929","1.6201","1.6235","1.5724","50.53K","-1.64%"
"01/14/2021","1.6194","1.5977","1.6213","1.5830","47.08K","1.28%"
"01/13/2021","1.5989","1.5997","1.6158","1.5832","46.76K","0.14%"
"01/12/2021","1.5967","1.5735","1.6026","1.5709","51.16K","1.47%"
"01/11/2021","1.5735","1.5855","1.5865","1.5525","62.87K","-0.38%"
"01/08/2021","1.5795","1.5405","1.5863","1.5379","60.18K","2.69%"
"01/07/2021","1.5381","1.5260","1.5501","1.5226","57.12K","0.61%"
"01/06/2021","1.5287","1.5181","1.5422","1.5029","66.94K","0.65%"
"01/05/2021","1.5189","1.4598","1.5247","1.4512","74.13K","3.89%"
"01/04/2021","1.4620","1.4828","1.5347","1.4522","72.56K","-0.97%"
"12/31/2020","1.4763","1.4800","1.4844","1.4665","2.54K","-0.91%"
"12/30/2020","1.4898","1.4884","1.5018","1.4757","12.97K","0.20%"
"12/29/2020","1.4868","1.4830","1.4996","1.4820","16.15K","0.53%"
"12/28/2020","1.4790","1.4903","1.5082","1.4744","15.29K","-0.74%"
"12/24/2020","1.4900","1.4959","1.5086","1.4775","11.36K","-0.50%"
"12/23/2020","1.4975","1.4540","1.5061","1.4444","22.61K","2.46%"
"12/22/2020","1.4616","1.4769","1.4779","1.4460","16.51K","-1.07%"
"12/21/2020","1.4774","1.5130","1.5130","1.4265","35.06K","-2.35%"
"12/18/2020","1.5130","1.4935","1.5198","1.4869","60.12K","1.19%"
"12/17/2020","1.4952","1.4790","1.5001","1.4778","54.70K","1.17%"
"12/16/2020","1.4779","1.4592","1.4815","1.4514","64.05K","0.92%"
"12/15/2020","1.4644","1.4581","1.4708","1.4434","55.30K","0.69%"
"12/14/2020","1.4544","1.4393","1.4612","1.4186","50.41K","1.22%"
"12/11/2020","1.4369","1.4379","1.4497","1.4242","53.79K","0.08%"
"12/10/2020","1.4357","1.4021","1.4619","1.3988","56.58K","2.63%"
"12/09/2020","1.3989","1.4062","1.4256","1.3925","62.92K","-0.55%"
"12/08/2020","1.4067","1.3975","1.4098","1.3855","49.49K","0.54%"
"12/07/2020","1.3992","1.3991","1.4159","1.3820","43.92K","-0.27%"
"12/04/2020","1.4030","1.3915","1.4201","1.3884","44.36K","0.70%"
"12/03/2020","1.3933","1.3612","1.3984","1.3541","55.51K","1.98%"
"12/02/2020","1.3662","1.3441","1.3792","1.3336","55.83K","1.40%"
"12/01/2020","1.3473","1.3690","1.3884","1.3389","64.00K","-0.63%"
"11/30/2020","1.3559","1.3716","1.3793","1.3500","5.30K","-1.78%"
"11/27/2020","1.3805","1.3920","1.3920","1.3551","13.68K","0.85%"
"11/26/2020","1.3689","1.3912","1.4000","1.3617","","-1.28%"
"11/25/2020","1.3866","1.3611","1.3987","1.3561","27.71K","1.99%"
"11/24/2020","1.3595","1.3064","1.3756","1.3064","28.93K","3.74%"
"11/23/2020","1.3105","1.2884","1.3121","1.2818","27.97K","1.88%"
"11/20/2020","1.2863","1.2744","1.2888","1.2652","31.78K","1.23%"
"11/19/2020","1.2707","1.2640","1.2794","1.2550","38.96K","0.53%"
"11/18/2020","1.2640","1.2420","1.2755","1.2347","51.64K","2.01%"
"11/17/2020","1.2391","1.2294","1.2444","1.2092","48.78K","0.83%"
"11/16/2020","1.2289","1.2046","1.2515","1.2042","44.03K","2.05%"
"11/13/2020","1.2042","1.2269","1.2277","1.2014","61.18K","-2.36%"
"11/12/2020","1.2333","1.2470","1.2586","1.2251","63.50K","-1.00%"
"11/11/2020","1.2458","1.2604","1.2982","1.2407","75.15K","-0.53%"
"11/10/2020","1.2525","1.2131","1.2634","1.1980","85.33K","2.94%"
"11/09/2020","1.2167","1.1498","1.2490","1.1430","110.10K","6.49%"
"11/06/2020","1.1426","1.1675","1.1675","1.1359","58.15K","-2.31%"
"11/05/2020","1.1696","1.1715","1.1741","1.1476","64.81K","-0.33%"
"11/04/2020","1.1735","1.1354","1.1758","1.1114","68.02K","4.12%"
"11/03/2020","1.1271","1.1162","1.1417","1.1000","70.10K","1.33%"
"11/02/2020","1.1123","1.0740","1.1208","1.0252","70.78K","2.87%"
"10/30/2020","1.0813","1.0929","1.0966","1.0689","2.94K","-0.65%"
"10/29/2020","1.0884","1.1120","1.1317","1.0537","13.60K","-2.32%"
"10/28/2020","1.1142","1.1446","1.1448","1.1010","19.52K","-3.76%"
"10/27/2020","1.1577","1.1252","1.1615","1.1241","26.32K","3.20%"
"10/26/2020","1.1218","1.1488","1.1488","1.1119","22.36K","-2.56%"
"10/23/2020","1.1513","1.1588","1.1694","1.1427","22.67K","-0.81%"
"10/22/2020","1.1607","1.1368","1.1682","1.1331","22.53K","1.82%"
"10/21/2020","1.1399","1.1655","1.1715","1.1267","36.76K","-2.86%"
"10/20/2020","1.1735","1.1535","1.1786","1.1445","38.95K","1.33%"
"10/19/2020","1.1581","1.1766","1.1833","1.1508","43.64K","-1.78%"
"10/16/2020","1.1791","1.1847","1.1900","1.1627","49.88K","-0.81%"
"10/15/2020","1.1887","1.1946","1.1982","1.1489","67.50K","-0.32%"
"10/14/2020","1.1925","1.1679","1.1949","1.1543","51.16K","2.01%"
"10/13/2020","1.1690","1.1588","1.1797","1.1564","58.24K","1.03%"
"10/12/2020","1.1571","1.1898","1.1930","1.1484","54.97K","-3.03%"
"10/09/2020","1.1933","1.1895","1.2059","1.1815","77.73K","0.08%"
"10/08/2020","1.1923","1.1638","1.1939","1.1581","56.84K","2.71%"
"10/07/2020","1.1608","1.1714","1.1807","1.1443","76.21K","-2.34%"
"10/06/2020","1.1886","1.1372","1.1926","1.1317","77.24K","4.88%"
"10/05/2020","1.1333","1.0845","1.1455","1.0844","70.68K","4.45%"
"10/02/2020","1.0850","1.1183","1.1235","1.0688","63.92K","-3.56%"
"10/01/2020","1.1250","1.1509","1.1608","1.0916","70.58K","-1.78%"
"09/30/2020","1.1454","1.1071","1.1509","1.1000","3.64K","3.28%"
"09/29/2020","1.1090","1.1427","1.1438","1.1002","15.48K","-2.68%"
"09/28/2020","1.1395","1.1267","1.1459","1.1155","15.63K","1.18%"
"09/25/2020","1.1262","1.1120","1.1281","1.1095","21.56K","0.85%"
"09/24/2020","1.1167","1.1018","1.1174","1.0950","19.62K","0.83%"
"09/23/2020","1.1075","1.0992","1.1278","1.0871","28.38K","1.04%"
"09/22/2020","1.0961","1.1160","1.1229","1.0877","18.77K","-1.01%"
"09/21/2020","1.1073","1.1545","1.1628","1.1039","34.52K","-4.46%"
"09/18/2020","1.1590","1.1610","1.1713","1.1431","34.80K","-0.07%"
"09/17/2020","1.1598","1.1156","1.1648","1.0968","56.97K","3.90%"
"09/16/2020","1.1163","1.1000","1.1215","1.0967","63.76K","1.55%"
"09/15/2020","1.0993","1.0924","1.1063","1.0809","53.23K","0.54%"
"09/14/2020","1.0934","1.0937","1.0993","1.0759","59.57K","0.35%"
"09/11/2020","1.0896","1.0771","1.1037","1.0717","53.00K","0.67%"
"09/10/2020","1.0824","1.1010","1.1083","1.0734","57.08K","-2.14%"
"09/09/2020","1.1061","1.0861","1.1130","1.0658","66.63K","2.72%"
"09/08/2020","1.0768","1.1436","1.1443","1.0605","91.64K","-4.67%"
"09/07/2020","1.1296","1.1280","1.1443","1.1224","","0.16%"
"09/06/2020","1.1278","1.1423","1.1425","1.1252","","-2.06%"
"09/04/2020","1.1515","1.1644","1.1858","1.1402","71.75K","-1.39%"
"09/03/2020","1.1677","1.1878","1.1920","1.1384","85.47K","-1.75%"
"09/02/2020","1.1885","1.2335","1.2446","1.1844","78.61K","-3.44%"
"09/01/2020","1.2308","1.2250","1.2480","1.2213","60.11K","2.90%"
"08/31/2020","1.1961","1.2230","1.2333","1.1930","3.21K","-1.65%"
"08/28/2020","1.2162","1.2108","1.2305","1.1996","17.10K","0.45%"
"08/27/2020","1.2107","1.2448","1.2477","1.2000","14.84K","-2.73%"
"08/26/2020","1.2447","1.2601","1.2640","1.2320","16.22K","-1.22%"
"08/25/2020","1.2601","1.2477","1.2758","1.2470","22.72K","1.00%"
"08/24/2020","1.2476","1.2133","1.2530","1.2103","24.71K","3.28%"
"08/21/2020","1.2080","1.2471","1.2530","1.1919","31.31K","-3.10%"
"08/20/2020","1.2467","1.2462","1.2511","1.2191","29.57K","-0.34%"
"08/19/2020","1.2510","1.2550","1.2581","1.2374","39.16K","-0.75%"
"08/18/2020","1.2604","1.2449","1.2631","1.2320","45.28K","1.72%"
"08/17/2020","1.2391","1.2447","1.2520","1.2266","47.65K","0.19%"
"08/14/2020","1.2367","1.2425","1.2539","1.2317","37.66K","-0.11%"
"08/13/2020","1.2381","1.2560","1.2565","1.2358","42.18K","-1.52%"
"08/12/2020","1.2572","1.2423","1.2636","1.2388","45.92K","1.52%"
"08/11/2020","1.2384","1.2356","1.2671","1.2335","61.06K","0.12%"
"08/10/2020","1.2369","1.2268","1.2444","1.2217","46.44K","1.39%"
"08/07/2020","1.2199","1.2516","1.2562","1.2174","53.54K","-2.40%"
"08/06/2020","1.2499","1.2651","1.2723","1.2465","46.75K","-1.05%"
"08/05/2020","1.2631","1.2566","1.3054","1.2516","58.98K","0.37%"
"08/04/2020","1.2584","1.2384","1.2713","1.2223","45.53K","1.41%"
"08/03/2020","1.2409","1.2283","1.2516","1.2111","46.52K","1.96%"
"07/31/2020","1.2171","1.2235","1.2271","1.2090","1.81K","0.43%"
"07/30/2020","1.2119","1.2578","1.2598","1.1654","9.50K","-3.30%"
"07/29/2020","1.2533","1.2398","1.2614","1.2396","9.79K","0.90%"
"07/28/2020","1.2421","1.2555","1.2628","1.2363","10.81K","-0.96%"
"07/27/2020","1.2541","1.2563","1.2630","1.2324","13.74K","-0.18%"
"07/24/2020","1.2563","1.2576","1.2616","1.2420","17.80K","0.18%"
"07/23/2020","1.2541","1.2721","1.2882","1.2505","17.47K","-1.31%"
"07/22/2020","1.2707","1.2730","1.2797","1.2552","18.89K","-0.73%"
"07/21/2020","1.2800","1.2347","1.2910","1.2323","31.65K","3.60%"
"07/20/2020","1.2355","1.2198","1.2455","1.2018","35.67K","1.35%"
"07/17/2020","1.2191","1.2286","1.2305","1.2135","33.46K","-0.72%"
"07/16/2020","1.2279","1.2452","1.2478","1.2232","34.81K","-1.36%"
"07/15/2020","1.2448","1.2168","1.2485","1.2090","46.26K","1.97%"
"07/14/2020","1.2208","1.2150","1.2300","1.2027","57.65K","-0.22%"
"07/13/2020","1.2235","1.2396","1.2412","1.2140","45.92K","-1.43%"
"07/10/2020","1.2412","1.2239","1.2436","1.1994","44.54K","1.41%"
"07/09/2020","1.2239","1.2357","1.2426","1.2107","48.01K","-0.85%"
"07/08/2020","1.2344","1.2404","1.2511","1.2288","45.83K","-0.72%"
"07/07/2020","1.2433","1.2450","1.2524","1.2220","46.38K","0.13%"
"07/06/2020","1.2417","1.2285","1.2583","1.2285","49.03K","1.19%"
"07/03/2020","1.2271","1.2233","1.2312","1.2096","","-0.32%"
"07/02/2020","1.2311","1.2012","1.2350","1.1950","40.48K","2.63%"
"07/01/2020","1.1996","1.1973","1.2213","1.1795","51.30K","1.82%"
"06/30/2020","1.1781","1.1690","1.1910","1.1571","2.76K","1.09%"
"06/29/2020","1.1654","1.1274","1.1733","1.1151","11.98K","2.56%"
"06/26/2020","1.1363","1.1597","1.1685","1.1200","11.81K","-1.67%"
"06/25/2020","1.1556","1.1520","1.1664","1.1180","20.89K","0.42%"
"06/24/2020","1.1508","1.2032","1.2090","1.1375","19.04K","-4.34%"
"06/23/2020","1.2030","1.2193","1.2425","1.1982","18.58K","-1.28%"
"06/22/2020","1.2186","1.2000","1.2244","1.1971","23.60K","0.59%"
"06/19/2020","1.2114","1.2010","1.2288","1.1802","23.35K","1.07%"
"06/18/2020","1.1986","1.1829","1.2008","1.1674","30.66K","1.40%"
"06/17/2020","1.1820","1.1780","1.1926","1.1597","43.88K","-0.02%"
"06/16/2020","1.1822","1.1370","1.1959","1.1236","50.06K","3.98%"
"06/15/2020","1.1370","1.1053","1.1433","1.0780","48.46K","3.23%"
"06/12/2020","1.1014","1.0849","1.1250","1.0534","44.31K","1.23%"
"06/11/2020","1.0880","1.1645","1.1645","1.0672","56.96K","-7.25%"
"06/10/2020","1.1730","1.1435","1.1824","1.1316","55.93K","1.58%"
"06/09/2020","1.1547","1.1212","1.1590","1.1040","44.33K","2.98%"
"06/08/2020","1.1213","1.1523","1.1824","1.1164","46.05K","-2.55%"
"06/05/2020","1.1506","1.0716","1.1526","1.0711","49.61K","7.12%"
"06/04/2020","1.0741","1.0630","1.0802","1.0468","43.05K","0.89%"
"06/03/2020","1.0646","1.0890","1.1080","1.0462","55.34K","-2.52%"
"06/02/2020","1.0921","1.0345","1.0945","1.0338","53.02K","6.13%"
"06/01/2020","1.0290","1.0320","1.0494","1.0084","47.35K","6.67%"
"05/29/2020","0.9647","0.9313","0.9970","0.9025","4.53K","4.22%"
"05/28/2020","0.9256","0.9466","0.9643","0.9181","17.60K","-4.78%"
"05/27/2020","0.9721","0.9905","0.9952","0.9485","15.74K","-1.89%"
"05/26/2020","0.9908","0.9891","1.0340","0.9690","23.52K","-4.71%"
"05/25/2020","1.0398","1.0133","1.0472","1.0078","","2.67%"
"05/24/2020","1.0128","1.0189","1.0217","1.0063","","3.14%"
"05/22/2020","0.9820","0.9873","0.9924","0.9344","25.21K","-0.71%"
"05/21/2020","0.9890","0.9910","1.0182","0.9809","23.55K","-0.16%"
"05/20/2020","0.9906","0.9765","1.0230","0.9683","30.48K","1.75%"
"05/19/2020","0.9736","1.0264","1.0280","0.9657","33.41K","-3.26%"
"05/18/2020","1.0064","0.9205","1.0286","0.9195","39.47K","9.34%"
"05/15/2020","0.9204","0.9030","0.9368","0.8965","38.57K","2.86%"
"05/14/2020","0.8948","0.8375","0.9041","0.8244","43.54K","7.63%"
"05/13/2020","0.8314","0.8221","0.8641","0.8074","50.81K","-0.83%"
"05/12/2020","0.8384","0.8755","0.8918","0.8200","51.14K","-3.49%"
"05/11/2020","0.8687","0.9016","0.9168","0.8657","59.01K","-3.40%"
"05/08/2020","0.8993","0.8364","0.9069","0.8323","55.95K","7.43%"
"05/07/2020","0.8371","0.8300","0.8863","0.8100","57.22K","1.59%"
"05/06/2020","0.8240","0.9090","0.9199","0.8022","67.27K","-8.04%"
"05/05/2020","0.8960","0.8204","0.9060","0.8204","63.71K","11.57%"
"05/04/2020","0.8031","0.7943","0.8298","0.7769","53.04K","0.88%"
"05/01/2020","0.7961","0.8389","0.8674","0.7877","62.12K","8.77%"
"04/30/2020","0.7319","0.7430","0.7915","0.7206","4.51K","5.39%"
"04/29/2020","0.6945","0.6333","0.7274","0.6288","13.04K","10.10%"
"04/28/2020","0.6308","0.6126","0.6530","0.5800","12.80K","3.34%"
"04/27/2020","0.6104","0.6620","0.6765","0.5908","17.67K","-5.61%"
"04/24/2020","0.6467","0.7223","0.7280","0.6350","33.50K","-11.95%"
"04/23/2020","0.7345","0.7370","0.8144","0.7225","23.98K","0.47%"
"04/22/2020","0.7311","0.7673","0.7936","0.6725","32.35K","0.58%"
"04/21/2020","0.7269","0.8994","0.9184","0.7086","37.77K","-18.12%"
"04/20/2020","0.8878","0.9589","0.9645","0.8855","35.23K","-7.16%"
"04/17/2020","0.9563","0.9619","0.9795","0.9406","42.34K","1.06%"
"04/16/2020","0.9463","0.9273","0.9631","0.9026","50.81K","3.56%"
"04/15/2020","0.9138","0.9458","0.9606","0.8976","46.59K","-3.22%"
"04/14/2020","0.9442","1.0040","1.0153","0.9362","53.90K","-5.07%"
"04/13/2020","0.9946","1.0176","1.0281","0.9400","49.61K","2.26%"
"04/09/2020","0.9726","1.0300","1.0777","0.9690","62.41K","-3.77%"
"04/08/2020","1.0107","1.0325","1.0476","1.0029","58.73K","-1.64%"
"04/07/2020","1.0275","1.0620","1.0778","1.0229","53.60K","-1.74%"
"04/06/2020","1.0457","1.0505","1.0900","1.0161","46.85K","-2.33%"
"04/03/2020","1.0706","0.9969","1.1104","0.9880","54.39K","7.59%"
"04/02/2020","0.9951","0.9483","1.1384","0.9382","60.60K","6.74%"
"04/01/2020","0.9323","0.9903","1.0008","0.9303","74.97K","-7.88%"
"03/31/2020","1.0121","1.0282","1.0485","0.9999","3.44K","-0.72%"
"03/30/2020","1.0194","1.0505","1.0565","0.9884","12.36K","-4.60%"
"03/27/2020","1.0685","1.0782","1.0782","1.0461","10.68K","1.73%"
"03/26/2020","1.0503","1.0869","1.0931","1.0441","12.82K","-4.33%"
"03/25/2020","1.0978","1.0874","1.1065","1.0537","17.14K","1.62%"
"03/24/2020","1.0803","1.0420","1.0931","1.0372","19.84K","6.32%"
"03/23/2020","1.0161","1.0060","1.0447","0.9550","19.76K","0.97%"
"03/20/2020","1.0063","1.0414","1.1120","1.0010","27.73K","-3.40%"
"03/19/2020","1.0417","0.9954","1.0620","0.9498","41.00K","9.17%"
"03/18/2020","0.9542","1.0403","1.0557","0.9343","71.33K","-7.87%"
"03/17/2020","1.0357","1.0401","1.0840","1.0309","53.84K","-1.04%"
"03/16/2020","1.0466","1.1647","1.1777","1.0248","67.50K","-7.98%"
"03/13/2020","1.1374","1.1380","1.2081","1.1254","66.46K","-1.93%"
"03/12/2020","1.1598","1.2426","1.2538","1.1197","102.09K","-6.32%"
"03/11/2020","1.2380","1.2590","1.3023","1.2213","88.43K","-0.95%"
"03/10/2020","1.2499","1.1581","1.2771","1.1519","105.07K","7.48%"
"03/09/2020","1.1629","1.2280","1.2297","1.0799","117.15K","-16.05%"
"03/06/2020","1.3852","1.4917","1.4993","1.3783","93.53K","-6.94%"
"03/05/2020","1.4885","1.5400","1.5555","1.4815","73.23K","-2.92%"
"03/04/2020","1.5332","1.5330","1.5633","1.5225","67.53K","0.01%"
"03/03/2020","1.5330","1.5522","1.5766","1.5138","83.19K","0.28%"
"03/02/2020","1.5287","1.4595","1.5509","1.4435","89.47K","2.56%"
"02/28/2020","1.4906","1.4808","1.4945","1.4443","5.76K","0.09%"
"02/27/2020","1.4892","1.5059","1.5092","1.4408","19.03K","-0.68%"
"02/26/2020","1.4994","1.5689","1.5798","1.4836","24.48K","-4.41%"
"02/25/2020","1.5685","1.6150","1.6311","1.5613","32.44K","-2.77%"
"02/24/2020","1.6132","1.6726","1.6726","1.5831","27.03K","-4.35%"
"02/21/2020","1.6866","1.6899","1.6909","1.6564","26.25K","-0.65%"
"02/20/2020","1.6976","1.7068","1.7183","1.6873","23.79K","-0.54%"
"02/19/2020","1.7068","1.6730","1.7119","1.6674","35.04K","2.06%"
"02/18/2020","1.6724","1.7027","1.7027","1.6580","61.14K","-0.99%"
"02/17/2020","1.6892","1.6968","1.7001","1.6814","","-0.47%"
"02/16/2020","1.6971","1.6997","1.7021","1.6964","","-0.06%"
"02/14/2020","1.6982","1.6790","1.7021","1.6711","66.30K","1.05%"
"02/13/2020","1.6805","1.6814","1.6957","1.6600","65.77K","0.29%"
"02/12/2020","1.6757","1.6280","1.6836","1.6280","69.89K","3.01%"
"02/11/2020","1.6267","1.6111","1.6425","1.6103","78.00K","0.88%"
"02/10/2020","1.6125","1.6400","1.6528","1.6100","66.18K","-1.87%"
"02/07/2020","1.6433","1.6712","1.6777","1.6400","82.09K","-1.33%"
"02/06/2020","1.6654","1.6566","1.6783","1.6414","67.66K","1.22%"
"02/05/2020","1.6454","1.5890","1.6720","1.5875","76.73K","3.88%"
"02/04/2020","1.5839","1.5699","1.6179","1.5684","77.73K","0.38%"
"02/03/2020","1.5779","1.6188","1.6273","1.5707","71.52K","-2.87%"
"01/31/2020","1.6245","1.6550","1.6575","1.6183","4.77K","-0.92%"
"01/30/2020","1.6396","1.6936","1.6977","1.6297","16.03K","-3.75%"
"01/29/2020","1.7035","1.7198","1.7339","1.6917","13.50K","-0.72%"
"01/28/2020","1.7159","1.6703","1.7300","1.6579","24.02K","2.17%"
"01/27/2020","1.6795","1.7276","1.7276","1.6556","26.87K","-3.14%"
"01/24/2020","1.7340","1.7933","1.7969","1.7261","28.24K","-3.22%"
"01/23/2020","1.7916","1.7877","1.7952","1.7506","36.14K","-0.48%"
"01/22/2020","1.8002","1.8285","1.8306","1.7770","40.35K","-1.59%"
"01/21/2020","1.8292","1.8777","1.8859","1.8242","63.84K","-2.40%"
"01/20/2020","1.8742","1.8760","1.8836","1.8658","","-0.09%"
"01/19/2020","1.8758","1.8800","1.8862","1.8746","","0.89%"
"01/17/2020","1.8592","1.8618","1.8705","1.8416","69.14K","-0.04%"
"01/16/2020","1.8600","1.8830","1.8891","1.8567","91.94K","-0.95%"
"01/15/2020","1.8779","1.9019","1.9155","1.8761","89.63K","-1.70%"
"01/14/2020","1.9103","1.8980","1.9224","1.8848","71.67K","0.65%"
"01/13/2020","1.8980","1.9366","1.9400","1.8941","71.75K","-1.58%"
"01/10/2020","1.9284","1.9522","1.9600","1.9262","77.32K","-1.11%"
"01/09/2020","1.9501","1.9665","1.9722","1.9282","83.02K","-0.41%"
"01/08/2020","1.9582","2.0334","2.1195","1.9438","121.07K","-3.65%"
"01/07/2020","2.0324","2.0274","2.0392","2.0065","81.02K","-0.07%"
"01/06/2020","2.0339","2.0755","2.1030","2.0193","100.38K","-1.33%"
"01/03/2020","2.0614","2.0260","2.1056","2.0235","107.77K","1.84%"
"01/02/2020","2.0241","2.0307","2.0378","2.0166","64.38K","-0.26%"
"01/01/2020","2.0293","2.0295","2.0330","2.0280","","0.05%"
"12/31/2019","2.0283","2.0350","2.0467","2.0164","4.29K","-0.60%"
"12/30/2019","2.0406","2.0506","2.0749","2.0301","17.39K","-0.44%"
"12/27/2019","2.0496","2.0527","2.0648","2.0460","15.56K","-0.12%"
"12/26/2019","2.0521","2.0414","2.0549","2.0358","17.31K","0.81%"
"12/25/2019","2.0357","2.0415","2.0438","2.0349","","-0.03%"
"12/24/2019","2.0363","2.0258","2.0423","2.0219","16.53K","0.70%"
"12/23/2019","2.0222","2.0218","2.0313","2.0129","30.44K","0.02%"
"12/20/2019","2.0218","2.0307","2.0404","2.0146","35.17K","-0.38%"
"12/19/2019","2.0295","2.0190","2.0355","2.0144","37.17K","0.46%"
"12/18/2019","2.0203","2.0269","2.0333","2.0125","56.08K","-0.64%"
"12/17/2019","2.0334","2.0057","2.0344","2.0028","60.26K","1.44%"
"12/16/2019","2.0045","1.9813","2.0115","1.9807","58.40K","0.91%"
"12/13/2019","1.9864","1.9553","1.9997","1.9553","63.34K","1.82%"
"12/12/2019","1.9508","1.9316","1.9657","1.9295","61.51K","1.14%"
"12/11/2019","1.9288","1.9575","1.9590","1.9160","68.79K","-1.87%"
"12/10/2019","1.9655","1.9431","1.9693","1.9300","73.81K","1.10%"
"12/09/2019","1.9442","1.9547","1.9552","1.9252","67.88K","-0.40%"
"12/06/2019","1.9521","1.9320","1.9734","1.9188","79.52K","0.99%"
"12/05/2019","1.9330","1.9260","1.9472","1.9125","74.71K","0.53%"
"12/04/2019","1.9229","1.8863","1.9415","1.8838","75.76K","2.29%"
"12/03/2019","1.8799","1.8867","1.9009","1.8693","59.05K","-0.32%"
"12/02/2019","1.8860","1.8822","1.9237","1.8817","70.12K","0.38%"
"11/29/2019","1.8789","1.9480","1.9595","1.8731","2.85K","-3.68%"
"11/28/2019","1.9506","1.9430","1.9608","1.9352","","0.21%"
"11/27/2019","1.9465","1.9550","1.9735","1.9396","19.99K","-0.72%"
"11/26/2019","1.9606","1.9436","1.9658","1.9400","23.13K","0.84%"
"11/25/2019","1.9443","1.9326","1.9470","1.9231","30.69K","0.77%"
"11/22/2019","1.9294","1.9401","1.9599","1.9197","28.66K","-0.79%"
"11/21/2019","1.9447","1.8923","1.9468","1.8830","29.36K","2.78%"
"11/20/2019","1.8921","1.8558","1.9127","1.8468","35.84K","1.87%"
"11/19/2019","1.8574","1.8986","1.9072","1.8527","51.13K","-2.48%"
"11/18/2019","1.9047","1.9533","1.9559","1.8936","56.09K","-2.22%"
"11/15/2019","1.9480","1.9180","1.9612","1.9027","64.77K","1.57%"
"11/14/2019","1.9179","1.9177","1.9403","1.9134","52.52K","0.28%"
"11/13/2019","1.9125","1.8961","1.9232","1.8680","86.08K","0.79%"
"11/12/2019","1.8976","1.9149","1.9235","1.8920","70.34K","-0.87%"
"11/11/2019","1.9142","1.9212","1.9345","1.8942","59.31K","-0.20%"
"11/08/2019","1.9181","1.9191","1.9254","1.8718","93.94K","-0.11%"
"11/07/2019","1.9203","1.9306","1.9473","1.9116","69.10K","-0.39%"
"11/06/2019","1.9278","1.9601","1.9689","1.9199","67.04K","-1.47%"
"11/05/2019","1.9566","1.9459","1.9616","1.9379","54.20K","0.83%"
"11/04/2019","1.9405","1.9411","1.9644","1.9267","74.25K","0.38%"
"11/01/2019","1.9331","1.8749","1.9360","1.8729","75.46K","2.93%"
"10/31/2019","1.8780","1.9145","1.9145","1.8685","5.15K","-1.86%"
"10/30/2019","1.9136","1.9554","1.9605","1.9060","16.84K","-2.18%"
"10/29/2019","1.9563","1.9620","1.9712","1.9284","18.95K","-0.28%"
"10/28/2019","1.9618","1.9780","1.9884","1.9550","23.51K","-0.90%"
"10/25/2019","1.9796","1.9838","1.9883","1.9510","25.17K","-0.34%"
"10/24/2019","1.9863","1.9652","1.9924","1.9530","27.65K","1.12%"
"10/23/2019","1.9643","1.9462","1.9659","1.9201","38.80K","1.06%"
"10/22/2019","1.9437","1.9431","1.9702","1.9344","25.03K","0.16%"
"10/21/2019","1.9406","1.9438","1.9510","1.9132","39.00K","-0.33%"
"10/18/2019","1.9471","1.9534","1.9614","1.9330","53.68K","-0.05%"
"10/17/2019","1.9481","1.9348","1.9527","1.9175","61.02K","0.28%"
"10/16/2019","1.9426","1.9170","1.9533","1.9086","62.14K","1.71%"
"10/15/2019","1.9100","1.9120","1.9317","1.8894","60.20K","-0.27%"
"10/14/2019","1.9151","1.9625","1.9631","1.9042","66.20K","-2.17%"
"10/11/2019","1.9576","1.9344","1.9700","1.9256","72.79K","1.92%"
"10/10/2019","1.9208","1.9160","1.9405","1.8890","71.36K","0.08%"
"10/09/2019","1.9193","1.9031","1.9445","1.9010","73.32K","0.48%"
"10/08/2019","1.9101","1.9055","1.9170","1.8744","71.43K","0.36%"
"10/07/2019","1.9033","1.8908","1.9325","1.8859","68.93K","0.46%"
"10/04/2019","1.8945","1.8761","1.9120","1.8761","72.54K","0.99%"
"10/03/2019","1.8760","1.8700","1.8820","1.8239","74.43K","0.16%"
"10/02/2019","1.8730","1.9071","1.9142","1.8587","54.01K","-1.34%"
"10/01/2019","1.8985","1.9021","1.9223","1.8867","59.43K","-0.37%"
"09/30/2019","1.9056","1.9504","1.9522","1.9004","3.71K","-1.85%"
"09/27/2019","1.9416","1.9563","1.9646","1.9175","18.55K","-0.69%"
"09/26/2019","1.9551","1.9537","1.9613","1.9250","18.10K","0.06%"
"09/25/2019","1.9539","1.9526","1.9584","1.9224","24.29K","-0.70%"
"09/24/2019","1.9676","1.9925","1.9950","1.9500","27.41K","-1.47%"
"09/23/2019","1.9970","2.0212","2.0239","1.9704","27.88K","0.54%"
"09/20/2019","1.9863","2.0129","2.0188","1.9840","27.05K","-0.93%"
"09/19/2019","2.0049","1.9768","2.0267","1.9700","38.14K","1.60%"
"09/18/2019","1.9733","1.9828","2.0025","1.9594","34.59K","-0.82%"
"09/17/2019","1.9896","2.0684","2.0999","1.9679","95.42K","-4.52%"
"09/16/2019","2.0838","1.9860","2.0966","1.9860","100.92K","10.97%"
"09/13/2019","1.8778","1.8881","1.8910","1.8614","49.11K","-0.39%"
"09/12/2019","1.8851","1.9055","1.9168","1.8513","62.52K","-0.95%"
"09/11/2019","1.9032","1.9416","1.9529","1.8885","70.17K","-1.45%"
"09/10/2019","1.9312","1.9320","1.9624","1.9261","60.51K","0.18%"
"09/09/2019","1.9277","1.8992","1.9369","1.8981","51.76K","1.44%"
"09/06/2019","1.9003","1.8868","1.9099","1.8444","50.03K","0.62%"
"09/05/2019","1.8885","1.8798","1.9206","1.8754","63.71K","0.44%"
"09/04/2019","1.8802","1.8026","1.8850","1.8006","73.33K","4.26%"
"09/03/2019","1.8033","1.8302","1.8402","1.7770","81.42K","-0.45%"
"09/02/2019","1.8114","1.8309","1.8402","1.8020","","-1.06%"
"09/01/2019","1.8308","1.8224","1.8329","1.8224","","0.14%"
"08/30/2019","1.8282","1.8600","1.8628","1.8100","5.26K","-1.92%"
"08/29/2019","1.8640","1.8535","1.8666","1.8450","16.02K","0.70%"
"08/28/2019","1.8510","1.8320","1.8593","1.8250","16.89K","1.93%"
"08/27/2019","1.8159","1.7970","1.8330","1.7950","32.09K","1.31%"
"08/26/2019","1.7924","1.7964","1.8355","1.7897","29.39K","-1.28%"
"08/23/2019","1.8156","1.8381","1.8455","1.7975","26.41K","-1.40%"
"08/22/2019","1.8413","1.8573","1.8685","1.8330","29.59K","-0.86%"
"08/21/2019","1.8573","1.8535","1.8800","1.8499","25.37K","0.16%"
"08/20/2019","1.8543","1.8342","1.8579","1.8232","40.06K","1.16%"
"08/19/2019","1.8331","1.8112","1.8371","1.8107","37.44K","1.12%"
"08/16/2019","1.8128","1.8120","1.8350","1.8031","38.67K","0.12%"
"08/15/2019","1.8107","1.8369","1.8439","1.8032","53.04K","-1.79%"
"08/14/2019","1.8437","1.8724","1.8750","1.8091","59.71K","-1.79%"
"08/13/2019","1.8773","1.8048","1.8839","1.7914","57.00K","3.96%"
"08/12/2019","1.8058","1.7964","1.8158","1.7926","48.59K","-0.12%"
"08/09/2019","1.8080","1.7846","1.8210","1.7719","57.83K","1.77%"
"08/08/2019","1.7766","1.7759","1.7895","1.7564","63.91K","1.33%"
"08/07/2019","1.7532","1.8178","1.8303","1.7450","82.98K","-3.88%"
"08/06/2019","1.8240","1.8412","1.8557","1.8162","59.24K","-0.63%"
"08/05/2019","1.8356","1.8752","1.8793","1.8297","62.06K","-2.89%"
"08/02/2019","1.8902","1.8709","1.9129","1.8677","70.35K","2.01%"
"08/01/2019","1.8529","1.9537","1.9581","1.8418","79.35K","-5.22%"
"07/31/2019","1.9550","1.9558","1.9647","1.9461","3.42K","0.57%"
"07/30/2019","1.9440","1.9170","1.9550","1.9154","16.81K","1.75%"
"07/29/2019","1.9106","1.9042","1.9191","1.8969","15.69K","0.33%"
"07/26/2019","1.9044","1.9070","1.9221","1.8995","19.61K","-0.52%"
"07/25/2019","1.9143","1.9098","1.9283","1.9062","16.95K","0.29%"
"07/24/2019","1.9087","1.9252","1.9471","1.8923","25.40K","-0.68%"
"07/23/2019","1.9217","1.9001","1.9308","1.8857","20.30K","1.17%"
"07/22/2019","1.8995","1.9002","1.9281","1.8931","22.98K","0.52%"
"07/19/2019","1.8896","1.8857","1.9076","1.8725","37.27K","1.46%"
"07/18/2019","1.8625","1.8920","1.9145","1.8526","56.96K","-1.59%"
"07/17/2019","1.8926","1.8984","1.9305","1.8856","48.14K","-0.65%"
"07/16/2019","1.9049","1.9424","1.9737","1.8917","54.27K","-2.39%"
"07/15/2019","1.9516","1.9742","1.9876","1.9450","49.80K","-1.44%"
"07/12/2019","1.9801","1.9842","1.9889","1.9704","42.01K","0.08%"
"07/11/2019","1.9786","1.9911","2.0181","1.9760","56.35K","-0.62%"
"07/10/2019","1.9910","1.9144","1.9939","1.9143","69.79K","4.21%"
"07/09/2019","1.9106","1.8900","1.9290","1.8870","54.61K","0.81%"
"07/08/2019","1.8953","1.9056","1.9201","1.8886","49.89K","-0.51%"
"07/05/2019","1.9050","1.9026","1.9114","1.8694","46.64K","0.98%"
"07/04/2019","1.8866","1.9028","1.9066","1.8786","","-0.64%"
"07/03/2019","1.8987","1.8958","1.9084","1.8750","53.88K","0.66%"
"07/02/2019","1.8863","1.9538","1.9610","1.8820","49.57K","-3.45%"
"07/01/2019","1.9538","1.9456","1.9897","1.9332","51.70K","0.47%"
"06/28/2019","1.9446","1.9497","1.9641","1.9303","3.23K","-0.40%"
"06/27/2019","1.9525","1.9656","1.9918","1.9463","17.34K","-0.95%"
"06/26/2019","1.9713","1.9389","1.9776","1.9375","20.34K","2.49%"
"06/25/2019","1.9234","1.9059","1.9420","1.8920","23.18K","0.76%"
"06/24/2019","1.9089","1.9269","1.9339","1.8900","25.57K","-0.36%"
"06/21/2019","1.9158","1.8942","1.9309","1.8757","36.02K","1.67%"
"06/20/2019","1.8843","1.8351","1.9023","1.8345","28.93K","3.00%"
"06/19/2019","1.8294","1.8317","1.8463","1.8175","27.57K","0.09%"
"06/18/2019","1.8278","1.8009","1.8424","1.7802","39.34K","1.57%"
"06/17/2019","1.7995","1.8282","1.8364","1.7948","41.79K","-1.63%"
"06/14/2019","1.8294","1.8092","1.8394","1.7991","61.34K","1.26%"
"06/13/2019","1.8066","1.7768","1.8379","1.7725","56.26K","1.50%"
"06/12/2019","1.7799","1.8185","1.8194","1.7717","59.65K","-2.32%"
"06/11/2019","1.8221","1.8100","1.8317","1.8048","55.71K","0.87%"
"06/10/2019","1.8063","1.8260","1.8426","1.8007","45.66K","-1.01%"
"06/07/2019","1.8248","1.8011","1.8337","1.7915","59.97K","2.04%"
"06/06/2019","1.7883","1.7774","1.8095","1.7527","53.83K","0.47%"
"06/05/2019","1.7800","1.8075","1.8164","1.7402","65.67K","-2.28%"
"06/04/2019","1.8215","1.8067","1.8262","1.7824","61.08K","0.83%"
"06/03/2019","1.8065","1.8391","1.8564","1.7967","87.41K","-1.92%"
"05/31/2019","1.8418","1.9000","1.9000","1.8356","5.91K","-3.82%"
"05/30/2019","1.9150","1.9706","1.9775","1.9073","18.70K","-2.67%"
"05/29/2019","1.9675","1.9908","1.9925","1.9461","17.11K","-1.25%"
"05/28/2019","1.9925","1.9794","2.0200","1.9706","30.82K","-0.62%"
"05/27/2019","2.0050","1.9855","2.0090","1.9699","","0.95%"
"05/26/2019","1.9861","1.9840","1.9893","1.9834","","0.75%"
"05/24/2019","1.9713","1.9660","1.9894","1.9430","23.42K","0.45%"
"05/23/2019","1.9624","2.0431","2.0460","1.9490","36.26K","-4.23%"
"05/22/2019","2.0491","2.0752","2.0756","2.0282","37.29K","-1.46%"
"05/21/2019","2.0794","2.0765","2.0850","2.0653","36.73K","0.28%"
"05/20/2019","2.0736","2.0955","2.1192","2.0690","48.22K","-1.05%"
"05/17/2019","2.0955","2.1273","2.1338","2.0870","54.53K","-1.30%"
"05/16/2019","2.1232","2.0918","2.1377","2.0901","71.12K","1.77%"
"05/15/2019","2.0863","2.0505","2.0949","2.0438","64.95K","1.33%"
"05/14/2019","2.0589","2.0300","2.0686","2.0256","55.70K","1.01%"
"05/13/2019","2.0384","2.0553","2.1077","2.0272","71.73K","-0.59%"
"05/10/2019","2.0504","2.0434","2.0657","2.0407","52.84K","0.33%"
"05/09/2019","2.0436","2.0564","2.0596","2.0215","64.64K","-0.61%"
"05/08/2019","2.0562","2.0364","2.0688","2.0280","65.88K","0.91%"
"05/07/2019","2.0376","2.0620","2.0724","2.0209","69.21K","-1.45%"
"05/06/2019","2.0676","2.0646","2.0877","2.0271","67.27K","-0.13%"
"05/03/2019","2.0702","2.0675","2.0921","2.0550","71.81K","-0.37%"
"05/02/2019","2.0778","2.0924","2.0961","2.0480","111.19K","-0.78%"
"05/01/2019","2.0942","2.0700","2.0977","2.0606","62.09K","0.62%"
"04/30/2019","2.0812","2.0536","2.0957","2.0500","3.68K","1.28%"
"04/29/2019","2.0549","2.0435","2.0707","2.0299","19.44K","0.18%"
"04/26/2019","2.0512","2.0947","2.1000","2.0238","20.39K","-2.24%"
"04/25/2019","2.0981","2.0969","2.1172","2.0871","23.57K","-0.03%"
"04/24/2019","2.0987","2.1125","2.1155","2.0956","24.64K","-0.91%"
"04/23/2019","2.1180","2.1090","2.1215","2.1056","24.89K","0.67%"
"04/22/2019","2.1040","2.0686","2.1242","2.0680","27.60K","1.60%"
"04/18/2019","2.0709","2.0701","2.0823","2.0618","33.11K","0.08%"
"04/17/2019","2.0692","2.0799","2.0923","2.0669","44.13K","-0.62%"
"04/16/2019","2.0822","2.0635","2.0865","2.0509","41.47K","1.03%"
"04/15/2019","2.0610","2.0707","2.0707","2.0464","38.71K","-0.47%"
"04/12/2019","2.0707","2.0751","2.0888","2.0654","46.83K","0.17%"
"04/11/2019","2.0672","2.0863","2.0863","2.0597","65.38K","-0.98%"
"04/10/2019","2.0876","2.0510","2.0897","2.0488","94.88K","2.09%"
"04/09/2019","2.0449","2.0577","2.0648","2.0384","55.41K","-0.59%"
"04/08/2019","2.0571","2.0449","2.0632","2.0432","67.63K","0.72%"
"04/05/2019","2.0424","2.0130","2.0471","2.0020","57.29K","1.44%"
"04/04/2019","2.0134","2.0069","2.0291","1.9906","53.95K","0.33%"
"04/03/2019","2.0068","2.0100","2.0221","1.9886","54.80K","-0.10%"
"04/02/2019","2.0089","1.9919","2.0138","1.9856","54.14K","1.05%"
"04/01/2019","1.9881","1.9700","2.0017","1.9700","49.48K","0.74%"
"03/29/2019","1.9734","1.9763","2.0000","1.9686","4.91K","0.07%"
"03/28/2019","1.9720","1.9795","1.9796","1.9382","16.76K","-0.43%"
"03/27/2019","1.9806","1.9909","1.9970","1.9685","19.23K","-0.47%"
"03/26/2019","1.9899","1.9825","1.9985","1.9800","21.72K","0.48%"
"03/25/2019","1.9804","1.9591","1.9900","1.9450","24.18K","0.74%"
"03/22/2019","1.9659","1.9847","1.9874","1.9349","34.26K","-1.07%"
"03/21/2019","1.9871","2.0021","2.0125","1.9780","29.28K","-1.05%"
"03/20/2019","2.0081","1.9900","2.0141","1.9750","31.61K","0.89%"
"03/19/2019","1.9904","1.9666","1.9970","1.9644","37.86K","1.09%"
"03/18/2019","1.9690","1.9663","1.9807","1.9525","44.81K","0.07%"
"03/15/2019","1.9677","1.9825","1.9950","1.9483","45.42K","-0.87%"
"03/14/2019","1.9849","1.9968","2.0046","1.9752","61.21K","-0.36%"
"03/13/2019","1.9921","1.9858","1.9998","1.9785","85.90K","0.32%"
"03/12/2019","1.9857","1.9950","2.0166","1.9740","102.94K","-0.43%"
"03/11/2019","1.9942","1.9957","2.0144","1.9844","84.90K","-0.28%"
"03/08/2019","1.9998","2.0055","2.0063","1.9452","84.70K","-0.64%"
"03/07/2019","2.0127","2.0124","2.0356","1.9988","48.59K","-0.17%"
"03/06/2019","2.0162","2.0146","2.0256","1.9969","50.22K","-0.01%"
"03/05/2019","2.0164","2.0110","2.0229","1.9909","45.16K","0.10%"
"03/04/2019","2.0143","1.9999","2.0377","1.9984","56.05K","0.66%"
"03/01/2019","2.0010","2.0293","2.0479","1.9791","55.01K","-1.11%"
"02/28/2019","2.0235","2.0248","2.0381","2.0089","8.85K","0.09%"
"02/27/2019","2.0216","2.0084","2.0337","1.9986","24.29K","1.16%"
"02/26/2019","1.9985","1.9768","2.0108","1.9685","20.84K","1.21%"
"02/25/2019","1.9746","2.0282","2.0403","1.9691","29.93K","-2.78%"
"02/22/2019","2.0311","2.0322","2.0460","2.0263","20.58K","-0.26%"
"02/21/2019","2.0363","2.0189","2.0376","2.0093","31.43K","0.89%"
"02/20/2019","2.0183","1.9984","2.0273","1.9788","27.76K","1.19%"
"02/19/2019","1.9946","2.0214","2.0323","1.9855","53.04K","-1.19%"
"02/18/2019","2.0187","2.0225","2.0319","2.0085","","-0.22%"
"02/17/2019","2.0231","2.0224","2.0264","2.0204","","0.14%"
"02/15/2019","2.0203","1.9748","2.0239","1.9724","56.94K","2.47%"
"02/14/2019","1.9716","1.9393","1.9768","1.9331","62.50K","1.69%"
"02/13/2019","1.9388","1.9142","1.9530","1.9129","63.54K","1.66%"
"02/12/2019","1.9072","1.8958","1.9358","1.8915","70.51K","0.79%"
"02/11/2019","1.8922","1.9100","1.9217","1.8857","63.23K","-0.85%"
"02/08/2019","1.9085","1.9000","1.9187","1.8821","64.87K","0.42%"
"02/07/2019","1.9005","1.9109","1.9155","1.8687","68.96K","-0.61%"
"02/06/2019","1.9122","1.8964","1.9195","1.8746","56.60K","0.77%"
"02/05/2019","1.8975","1.9122","1.9226","1.8902","49.94K","-0.52%"
"02/04/2019","1.9074","1.9175","1.9386","1.8820","59.99K","-0.28%"
"02/01/2019","1.9127","1.8845","1.9174","1.8619","59.30K","1.80%"
"01/31/2019","1.8788","1.9104","1.9300","1.8708","5.37K","-1.03%"
"01/30/2019","1.8984","1.8951","1.9205","1.8879","19.69K","0.05%"
"01/29/2019","1.8975","1.8402","1.9037","1.8375","20.72K","3.25%"
"01/28/2019","1.8377","1.8874","1.8905","1.8315","32.93K","-2.86%"
"01/25/2019","1.8919","1.8870","1.9050","1.8753","17.98K","0.33%"
"01/24/2019","1.8856","1.8873","1.8995","1.8648","21.10K","-0.16%"
"01/23/2019","1.8886","1.9029","1.9237","1.8684","30.76K","-0.66%"
"01/22/2019","1.9011","1.9115","1.9265","1.8672","40.79K","-1.21%"
"01/21/2019","1.9244","1.9072","1.9270","1.9026","","0.91%"
"01/20/2019","1.9070","1.9163","1.9166","1.9055","","-0.47%"
"01/18/2019","1.9160","1.8842","1.9228","1.8805","43.44K","1.68%"
"01/17/2019","1.8843","1.8921","1.8921","1.8534","40.55K","-0.54%"
"01/16/2019","1.8946","1.8679","1.8979","1.8587","60.86K","1.20%"
"01/15/2019","1.8722","1.8578","1.8788","1.8502","64.08K","1.06%"
"01/14/2019","1.8525","1.8828","1.9045","1.8492","82.09K","-1.45%"
"01/11/2019","1.8797","1.8995","1.9235","1.8729","61.41K","-1.39%"
"01/10/2019","1.9061","1.8816","1.9098","1.8605","71.42K","1.35%"
"01/09/2019","1.8808","1.8192","1.8880","1.8192","63.30K","2.94%"
"01/08/2019","1.8270","1.7810","1.8296","1.7757","57.59K","2.73%"
"01/07/2019","1.7784","1.7809","1.8245","1.7764","57.18K","0.52%"
"01/04/2019","1.7692","1.7300","1.8035","1.7236","61.14K","1.56%"
"01/03/2019","1.7420","1.7008","1.7466","1.6801","56.55K","2.43%"
"01/02/2019","1.7006","1.6895","1.7489","1.6424","65.51K","0.89%"
"01/01/2019","1.6856","1.6891","1.6922","1.6856","","0.29%"